0,neutral
1,neutral
2,neutral
3,positive
4,positive
5,neutral
6,positive
7,negative
8,negative
9,neutral
10,negative
11,neutral
12,neutral
13,neutral
14,positive
15,negative
16,positive
17,neutral
18,neutral
19,neutral
20,neutral
21,neutral
22,neutral
23,negative
24,neutral
25,neutral
26,negative
27,positive
28,neutral
29,neutral
30,positive
31,positive
32,neutral
33,positive
34,neutral
35,positive
36,neutral
37,positive
38,positive
39,positive
40,positive
41,positive
42,positive
43,positive
44,positive
45,positive
46,neutral
47,positive
48,positive
49,neutral
50,positive
51,neutral
52,negative
53,positive
54,positive
55,positive
56,negative
57,neutral
58,positive
59,neutral
60,negative
61,positive
62,positive
63,negative
64,negative
65,negative
66,neutral
67,positive
68,neutral
69,neutral
70,positive
71,positive
72,neutral
73,neutral
74,positive
75,negative
76,positive
77,neutral
78,positive
79,negative
80,negative
81,positive
82,negative
83,neutral
84,positive
85,neutral
86,positive
87,positive
88,neutral
89,negative
90,neutral
91,negative
92,neutral
93,neutral
94,neutral
95,neutral
96,neutral
97,positive
98,neutral
99,neutral
100,positive
101,negative
102,positive
103,positive
104,positive
105,negative
106,neutral
107,neutral
108,positive
109,negative
110,positive
111,positive
112,positive
113,neutral
114,neutral
115,positive
116,negative
117,positive
118,positive
119,neutral
120,positive
121,negative
122,positive
123,positive
124,positive
125,positive
126,negative
127,neutral
128,positive
129,positive
130,negative
131,positive
132,neutral
133,positive
134,neutral
135,neutral
136,positive
137,neutral
138,positive
139,neutral
140,positive
141,positive
142,neutral
143,neutral
144,positive
145,neutral
146,neutral
147,neutral
148,positive
149,positive
150,negative
151,positive
152,positive
153,negative
154,negative
155,positive
156,positive
157,positive
158,positive
159,positive
160,negative
161,neutral
162,positive
163,negative
164,neutral
165,neutral
166,neutral
167,neutral
168,positive
169,negative
170,positive
171,negative
172,positive
173,positive
174,positive
175,positive
176,negative
177,positive
178,positive
179,positive
180,positive
181,neutral
182,positive
183,neutral
184,neutral
185,neutral
186,neutral
187,neutral
188,negative
189,neutral
190,neutral
191,positive
192,positive
193,negative
194,negative
195,neutral
196,negative
197,negative
198,neutral
199,positive
200,positive
201,positive
202,positive
203,positive
204,positive
205,negative
206,neutral
207,negative
208,negative
209,positive
210,positive
211,negative
212,positive
213,neutral
214,negative
215,negative
216,positive
217,negative
218,positive
219,neutral
220,positive
221,positive
222,neutral
223,positive
224,positive
225,neutral
226,neutral
227,neutral
228,negative
229,neutral
230,positive
231,neutral
232,positive
233,neutral
234,negative
235,positive
236,negative
237,negative
238,positive
239,neutral
240,neutral
241,neutral
242,neutral
243,positive
244,neutral
245,positive
246,neutral
247,neutral
248,neutral
249,positive
250,positive
251,negative
252,positive
253,positive
254,neutral
255,positive
256,neutral
257,neutral
258,positive
259,negative
260,positive
261,neutral
262,positive
263,neutral
264,positive
265,neutral
266,positive
267,negative
268,neutral
269,negative
270,neutral
271,neutral
272,neutral
273,neutral
274,neutral
275,neutral
276,negative
277,negative
278,neutral
279,positive
280,negative
281,negative
282,negative
283,negative
284,positive
285,positive
286,neutral
287,negative
288,positive
289,neutral
290,negative
291,negative
292,neutral
293,neutral
294,negative
295,neutral
296,positive
297,negative
298,neutral
299,negative
300,positive
301,neutral
302,positive
303,negative
304,neutral
305,neutral
306,positive
307,neutral
308,negative
309,positive
310,positive
311,positive
312,negative
313,positive
314,positive
315,positive
316,positive
317,positive
318,negative
319,neutral
320,neutral
321,positive
322,neutral
323,negative
324,negative
325,neutral
326,negative
327,positive
328,negative
329,positive
330,negative
331,neutral
332,negative
333,negative
334,positive
335,neutral
336,neutral
337,neutral
338,neutral
339,negative
340,positive
341,neutral
342,neutral
343,neutral
344,positive
345,positive
346,neutral
347,negative
348,neutral
349,neutral
350,positive
351,neutral
352,neutral
353,neutral
354,neutral
355,negative
356,negative
357,neutral
358,positive
359,neutral
360,negative
361,negative
362,negative
363,negative
364,neutral
365,negative
366,positive
367,neutral
368,positive
369,neutral
370,positive
371,positive
372,positive
373,neutral
374,negative
375,neutral
376,positive
377,neutral
378,negative
379,positive
380,positive
381,negative
382,negative
383,neutral
384,neutral
385,negative
386,negative
387,positive
388,negative
389,positive
390,negative
391,neutral
392,neutral
393,neutral
394,positive
395,positive
396,neutral
397,neutral
398,positive
399,neutral
400,positive
401,positive
402,positive
403,positive
404,negative
405,positive
406,neutral
407,neutral
408,positive
409,positive
410,positive
411,negative
412,neutral
413,positive
414,neutral
415,positive
416,negative
417,neutral
418,neutral
419,negative
420,neutral
421,neutral
422,neutral
423,neutral
424,neutral
425,neutral
426,negative
427,neutral
428,negative
429,neutral
430,negative
431,positive
432,neutral
433,positive
434,neutral
435,neutral
436,positive
437,negative
438,neutral
439,neutral
440,neutral
441,neutral
442,neutral
443,positive
444,positive
445,neutral
446,neutral
447,positive
448,neutral
449,neutral
450,negative
451,positive
452,neutral
453,positive
454,neutral
455,neutral
456,positive
457,positive
458,negative
459,neutral
460,neutral
461,neutral
462,neutral
463,negative
464,neutral
465,neutral
466,neutral
467,positive
468,negative
469,neutral
470,neutral
471,neutral
472,neutral
473,negative
474,negative
475,positive
476,positive
477,neutral
478,negative
479,positive
480,negative
481,positive
482,neutral
483,neutral
484,neutral
485,neutral
486,neutral
487,positive
488,negative
489,neutral
490,positive
491,neutral
492,neutral
493,positive
494,positive
495,neutral
496,negative
497,neutral
498,neutral
499,neutral
500,neutral
501,negative
502,negative
503,neutral
504,negative
505,neutral
506,negative
507,negative
508,neutral
509,neutral
510,neutral
511,positive
512,negative
513,neutral
514,negative
515,neutral
516,neutral
517,positive
518,neutral
519,positive
520,negative
521,neutral
522,neutral
523,neutral
524,neutral
525,neutral
526,neutral
527,neutral
528,neutral
529,neutral
530,neutral
531,neutral
532,neutral
533,neutral
534,neutral
535,neutral
536,neutral
537,neutral
538,neutral
539,neutral
540,neutral
541,neutral
542,neutral
543,neutral
544,neutral
545,neutral
546,neutral
547,neutral
548,neutral
549,neutral
550,neutral
551,neutral
552,negative
553,positive
554,positive
555,neutral
556,neutral
557,neutral
558,positive
559,neutral
560,neutral
561,positive
562,neutral
563,positive
564,neutral
565,positive
566,neutral
567,positive
568,positive
569,positive
570,positive
571,positive
572,negative
573,negative
574,positive
575,neutral
576,positive
577,negative
578,neutral
579,positive
580,positive
581,positive
582,positive
583,neutral
584,positive
585,neutral
586,positive
587,positive
588,neutral
589,neutral
590,negative
591,neutral
592,neutral
593,neutral
594,positive
595,positive
596,negative
597,positive
598,neutral
599,positive
600,neutral
601,neutral
602,negative
603,negative
604,neutral
605,positive
606,positive
607,neutral
608,neutral
609,neutral
610,positive
611,positive
612,positive
613,positive
614,positive
615,positive
616,positive
617,negative
618,neutral
619,positive
620,neutral
621,negative
622,neutral
623,neutral
624,neutral
625,positive
626,neutral
627,positive
628,neutral
629,negative
630,neutral
631,positive
632,positive
633,positive
634,positive
635,neutral
636,positive
637,neutral
638,positive
639,neutral
640,positive
641,neutral
642,negative
643,positive
644,neutral
645,neutral
646,positive
647,positive
648,neutral
649,positive
650,positive
651,neutral
652,neutral
653,positive
654,neutral
655,positive
656,positive
657,positive
658,positive
659,positive
660,positive
661,negative
662,positive
663,negative
664,negative
665,negative
666,neutral
667,neutral
668,negative
669,positive
670,negative
671,neutral
672,positive
673,neutral
674,neutral
675,positive
676,neutral
677,neutral
678,positive
679,negative
680,neutral
681,negative
682,neutral
683,negative
684,positive
685,positive
686,negative
687,neutral
688,neutral
689,neutral
690,positive
691,positive
692,neutral
693,neutral
694,positive
695,positive
696,positive
697,neutral
698,positive
699,positive
700,positive
701,positive
702,positive
703,positive
704,positive
705,positive
706,neutral
707,positive
708,negative
709,neutral
710,negative
711,neutral
712,negative
713,neutral
714,positive
715,neutral
716,negative
717,positive
718,negative
719,neutral
720,neutral
721,neutral
722,neutral
723,positive
724,neutral
725,neutral
726,neutral
727,positive
728,positive
729,positive
730,negative
731,positive
732,positive
733,negative
734,positive
735,positive
736,neutral
737,positive
738,neutral
739,negative
740,positive
741,positive
742,negative
743,positive
744,positive
745,positive
746,neutral
747,negative
748,negative
749,positive
750,positive
751,positive
752,neutral
753,neutral
754,negative
755,neutral
756,negative
757,negative
758,neutral
759,neutral
760,positive
761,positive
762,neutral
763,positive
764,positive
765,positive
766,positive
767,positive
768,positive
769,neutral
770,neutral
771,neutral
772,neutral
773,positive
774,neutral
775,neutral
776,neutral
777,neutral
778,neutral
779,positive
780,neutral
781,neutral
782,neutral
783,neutral
784,neutral
785,positive
786,neutral
787,neutral
788,positive
789,positive
790,positive
791,negative
792,positive
793,negative
794,neutral
795,neutral
796,neutral
797,positive
798,neutral
799,positive
800,negative
801,positive
802,negative
803,neutral
804,positive
805,positive
806,negative
807,positive
808,neutral
809,neutral
810,positive
811,positive
812,neutral
813,neutral
814,positive
815,positive
816,negative
817,negative
818,positive
819,negative
820,neutral
821,neutral
822,negative
823,positive
824,positive
825,positive
826,positive
827,neutral
828,neutral
829,positive
830,positive
831,positive
832,positive
833,positive
834,neutral
835,positive
836,neutral
837,neutral
838,negative
839,positive
840,positive
841,neutral
842,neutral
843,neutral
844,neutral
845,neutral
846,negative
847,neutral
848,neutral
849,neutral
850,negative
851,neutral
852,positive
853,neutral
854,negative
855,neutral
856,positive
857,neutral
858,positive
859,negative
860,positive
861,positive
862,neutral
863,neutral
864,neutral
865,positive
866,neutral
867,positive
868,neutral
869,neutral
870,positive
871,positive
872,positive
873,positive
874,neutral
875,positive
876,neutral
877,neutral
878,negative
879,positive
880,negative
881,positive
882,neutral
883,positive
884,positive
885,positive
886,neutral
887,negative
888,neutral
889,negative
890,positive
891,negative
892,neutral
893,neutral
894,negative
895,neutral
896,neutral
897,negative
898,positive
899,neutral
900,negative
901,negative
902,positive
903,neutral
904,neutral
905,neutral
906,negative
907,positive
908,neutral
909,neutral
910,neutral
911,neutral
912,negative
913,negative
914,negative
915,negative
916,positive
917,neutral
918,positive
919,positive
920,neutral
921,neutral
922,positive
923,positive
924,positive
925,positive
926,neutral
927,negative
928,positive
929,positive
930,positive
931,neutral
932,neutral
933,neutral
934,positive
935,neutral
936,positive
937,positive
938,neutral
939,negative
940,neutral
941,positive
942,positive
943,neutral
944,neutral
945,negative
946,negative
947,negative
948,negative
949,positive
950,neutral
951,neutral
952,neutral
953,positive
954,negative
955,negative
956,negative
957,negative
958,negative
959,neutral
960,negative
961,negative
962,negative
963,positive
964,neutral
965,negative
966,positive
967,neutral
968,negative
969,negative
970,negative
971,neutral
972,neutral
973,positive
974,neutral
975,negative
976,neutral
977,negative
978,negative
979,negative
980,neutral
981,negative
982,positive
983,neutral
984,negative
985,neutral
986,positive
987,positive
988,neutral
989,neutral
990,neutral
991,neutral
992,negative
993,positive
994,positive
995,negative
996,positive
997,negative
998,positive
999,negative
1000,positive
1001,positive
1002,positive
1003,positive
1004,negative
1005,neutral
1006,neutral
1007,neutral
1008,negative
1009,neutral
1010,positive
1011,negative
1012,negative
1013,neutral
1014,positive
1015,negative
1016,positive
1017,neutral
1018,neutral
1019,neutral
1020,neutral
1021,neutral
1022,positive
1023,positive
1024,positive
1025,positive
1026,neutral
1027,negative
1028,neutral
1029,neutral
1030,positive
1031,negative
1032,negative
1033,negative
1034,negative
1035,neutral
1036,neutral
1037,neutral
1038,positive
1039,negative
1040,positive
1041,neutral
1042,neutral
1043,negative
1044,neutral
1045,positive
1046,neutral
1047,positive
1048,positive
1049,positive
1050,neutral
1051,neutral
1052,neutral
1053,neutral
1054,negative
1055,neutral
1056,neutral
1057,neutral
1058,positive
1059,negative
1060,neutral
1061,negative
1062,negative
1063,neutral
1064,negative
1065,neutral
1066,positive
1067,neutral
1068,neutral
1069,negative
1070,positive
1071,neutral
1072,negative
1073,negative
1074,neutral
1075,neutral
1076,positive
1077,negative
1078,neutral
1079,neutral
1080,negative
1081,positive
1082,neutral
1083,neutral
1084,negative
1085,neutral
1086,positive
1087,positive
1088,neutral
1089,neutral
1090,neutral
1091,positive
1092,negative
1093,negative
1094,positive
1095,positive
1096,positive
1097,neutral
1098,positive
1099,negative
1100,neutral
1101,neutral
1102,positive
1103,positive
1104,positive
1105,positive
1106,negative
1107,neutral
1108,positive
1109,positive
1110,positive
1111,neutral
1112,neutral
1113,neutral
1114,positive
1115,neutral
1116,positive
1117,positive
1118,neutral
1119,neutral
1120,negative
1121,positive
1122,negative
1123,positive
1124,neutral
1125,neutral
1126,neutral
1127,neutral
1128,neutral
1129,positive
1130,positive
1131,negative
1132,neutral
1133,positive
1134,neutral
1135,neutral
1136,positive
1137,positive
1138,neutral
1139,neutral
1140,positive
1141,neutral
1142,neutral
1143,neutral
1144,neutral
1145,neutral
1146,positive
1147,positive
1148,positive
1149,positive
1150,positive
1151,positive
1152,positive
1153,positive
1154,negative
1155,positive
1156,neutral
1157,positive
1158,positive
1159,negative
1160,positive
1161,negative
1162,positive
1163,positive
1164,positive
1165,negative
1166,neutral
1167,negative
1168,positive
1169,positive
1170,neutral
1171,negative
1172,negative
1173,positive
1174,neutral
1175,positive
1176,neutral
1177,neutral
1178,neutral
1179,neutral
1180,negative
1181,negative
1182,neutral
1183,positive
1184,neutral
1185,neutral
1186,positive
1187,positive
1188,positive
1189,positive
1190,positive
1191,positive
1192,positive
1193,positive
1194,positive
1195,positive
1196,neutral
1197,neutral
1198,neutral
1199,negative
1200,positive
1201,neutral
1202,neutral
1203,neutral
1204,neutral
1205,neutral
1206,negative
1207,neutral
1208,neutral
1209,neutral
1210,negative
1211,positive
1212,negative
1213,positive
1214,neutral
1215,neutral
1216,positive
1217,negative
1218,neutral
1219,positive
1220,negative
1221,positive
1222,neutral
1223,neutral
1224,neutral
1225,neutral
1226,positive
1227,neutral
1228,neutral
1229,neutral
1230,positive
1231,positive
1232,neutral
1233,neutral
1234,neutral
1235,negative
1236,negative
1237,neutral
1238,neutral
1239,neutral
1240,neutral
1241,neutral
1242,neutral
1243,positive
1244,positive
1245,negative
1246,positive
1247,neutral
1248,neutral
1249,positive
1250,neutral
1251,neutral
1252,negative
1253,neutral
1254,neutral
1255,positive
1256,neutral
1257,negative
1258,negative
1259,neutral
1260,positive
1261,neutral
1262,neutral
1263,neutral
1264,positive
1265,positive
1266,neutral
1267,positive
1268,neutral
1269,positive
1270,neutral
1271,neutral
1272,neutral
1273,positive
1274,positive
1275,neutral
1276,neutral
1277,neutral
1278,neutral
1279,neutral
1280,neutral
1281,neutral
1282,neutral
1283,neutral
1284,neutral
1285,neutral
1286,negative
1287,negative
1288,neutral
1289,neutral
1290,positive
1291,positive
1292,neutral
1293,neutral
1294,positive
1295,neutral
1296,neutral
1297,neutral
1298,neutral
1299,positive
1300,neutral
1301,positive
1302,positive
1303,neutral
1304,neutral
1305,neutral
1306,neutral
1307,neutral
1308,positive
1309,negative
1310,neutral
1311,neutral
1312,positive
1313,neutral
1314,neutral
1315,neutral
1316,neutral
1317,positive
1318,neutral
1319,positive
1320,neutral
1321,negative
1322,neutral
1323,neutral
1324,neutral
1325,neutral
1326,neutral
1327,negative
1328,positive
1329,negative
1330,neutral
1331,positive
1332,positive
1333,positive
1334,neutral
1335,positive
1336,positive
1337,neutral
1338,neutral
1339,negative
1340,negative
1341,neutral
1342,neutral
1343,negative
1344,positive
1345,negative
1346,positive
1347,positive
1348,negative
1349,positive
1350,neutral
1351,neutral
1352,neutral
1353,negative
1354,neutral
1355,positive
1356,positive
1357,neutral
1358,neutral
1359,negative
1360,negative
1361,neutral
1362,negative
1363,positive
1364,negative
1365,positive
1366,positive
1367,positive
1368,positive
1369,neutral
1370,neutral
1371,positive
1372,neutral
1373,positive
1374,neutral
1375,neutral
1376,neutral
1377,positive
1378,negative
1379,neutral
1380,negative
1381,neutral
1382,positive
1383,positive
1384,negative
1385,negative
1386,positive
1387,positive
1388,negative
1389,neutral
1390,neutral
1391,positive
1392,neutral
1393,positive
1394,neutral
1395,neutral
1396,neutral
1397,positive
1398,negative
1399,positive
1400,neutral
1401,positive
1402,neutral
1403,neutral
1404,neutral
1405,positive
1406,neutral
1407,neutral
1408,neutral
1409,neutral
1410,positive
1411,positive
1412,positive
1413,neutral
1414,positive
1415,negative
1416,neutral
1417,negative
1418,positive
1419,neutral
1420,neutral
1421,neutral
1422,positive
1423,neutral
1424,neutral
1425,neutral
1426,neutral
1427,neutral
1428,neutral
1429,positive
1430,positive
1431,positive
1432,positive
1433,positive
1434,negative
1435,positive
1436,negative
1437,negative
1438,negative
1439,negative
1440,neutral
1441,positive
1442,positive
1443,negative
1444,neutral
1445,positive
1446,positive
1447,negative
1448,positive
1449,neutral
1450,positive
1451,neutral
1452,neutral
1453,negative
1454,negative
1455,negative
1456,negative
1457,neutral
1458,neutral
1459,positive
1460,neutral
1461,neutral
1462,neutral
1463,positive
1464,negative
1465,neutral
1466,positive
1467,positive
1468,negative
1469,neutral
1470,positive
1471,positive
1472,neutral
1473,negative
1474,positive
1475,neutral
1476,neutral
1477,positive
1478,neutral
1479,neutral
1480,positive
1481,positive
1482,positive
1483,neutral
1484,negative
1485,negative
1486,neutral
1487,positive
1488,positive
1489,positive
1490,positive
1491,positive
1492,positive
1493,positive
1494,negative
1495,neutral
1496,positive
1497,neutral
1498,positive
1499,positive
1500,neutral
1501,negative
1502,negative
1503,positive
1504,negative
1505,positive
1506,positive
1507,neutral
1508,neutral
1509,neutral
1510,positive
1511,neutral
1512,neutral
1513,negative
1514,positive
1515,positive
1516,positive
1517,positive
1518,negative
1519,neutral
1520,positive
1521,negative
1522,neutral
1523,negative
1524,neutral
1525,positive
1526,negative
1527,neutral
1528,positive
1529,neutral
1530,positive
1531,neutral
1532,neutral
1533,neutral
1534,neutral
1535,positive
1536,negative
1537,positive
1538,positive
1539,neutral
1540,neutral
1541,negative
1542,negative
1543,positive
1544,positive
1545,neutral
1546,positive
1547,neutral
1548,positive
1549,positive
1550,neutral
1551,negative
1552,neutral
1553,positive
1554,neutral
1555,neutral
1556,positive
1557,positive
1558,positive
1559,positive
1560,neutral
1561,neutral
1562,neutral
1563,neutral
1564,negative
1565,neutral
1566,neutral
1567,positive
1568,negative
1569,negative
1570,negative
1571,negative
1572,neutral
1573,positive
1574,neutral
1575,neutral
1576,negative
1577,negative
1578,positive
1579,neutral
1580,positive
1581,negative
1582,positive
1583,positive
1584,neutral
1585,neutral
1586,neutral
1587,positive
1588,positive
1589,neutral
1590,neutral
1591,negative
1592,positive
1593,neutral
1594,neutral
1595,neutral
1596,positive
1597,positive
1598,positive
1599,negative
1600,positive
1601,positive
1602,positive
1603,neutral
1604,positive
1605,negative
1606,neutral
1607,negative
1608,positive
1609,neutral
1610,positive
1611,negative
1612,positive
1613,neutral
1614,neutral
1615,neutral
1616,neutral
1617,negative
1618,positive
1619,neutral
1620,neutral
1621,positive
1622,neutral
1623,neutral
1624,neutral
1625,neutral
1626,neutral
1627,neutral
1628,neutral
1629,negative
1630,positive
1631,neutral
1632,negative
1633,negative
1634,neutral
1635,positive
1636,neutral
1637,neutral
1638,neutral
1639,positive
1640,neutral
1641,positive
1642,neutral
1643,neutral
1644,neutral
1645,positive
1646,neutral
1647,neutral
1648,positive
1649,positive
1650,positive
1651,positive
1652,neutral
1653,neutral
1654,neutral
1655,negative
1656,negative
1657,negative
1658,neutral
1659,negative
1660,neutral
1661,neutral
1662,negative
1663,neutral
1664,positive
1665,positive
1666,neutral
1667,positive
1668,positive
1669,negative
1670,positive
1671,positive
1672,neutral
1673,positive
1674,positive
1675,neutral
1676,neutral
1677,negative
1678,negative
1679,neutral
1680,negative
1681,neutral
1682,neutral
1683,positive
1684,positive
1685,positive
1686,neutral
1687,neutral
1688,negative
1689,positive
1690,negative
1691,positive
1692,positive
1693,positive
1694,neutral
1695,positive
1696,neutral
1697,positive
1698,positive
1699,neutral
1700,positive
1701,neutral
1702,positive
1703,neutral
1704,positive
1705,positive
1706,negative
1707,neutral
1708,neutral
1709,positive
1710,negative
1711,neutral
1712,neutral
1713,positive
1714,negative
1715,positive
1716,neutral
1717,negative
1718,positive
1719,neutral
1720,neutral
1721,neutral
1722,neutral
1723,negative
1724,neutral
1725,neutral
1726,positive
1727,positive
1728,neutral
1729,negative
1730,positive
1731,neutral
1732,neutral
1733,positive
1734,neutral
1735,neutral
1736,neutral
1737,neutral
1738,neutral
1739,neutral
1740,neutral
1741,neutral
1742,negative
1743,neutral
1744,positive
1745,positive
1746,negative
1747,neutral
1748,neutral
1749,positive
1750,negative
1751,negative
1752,negative
1753,neutral
1754,positive
1755,neutral
1756,negative
1757,negative
1758,positive
1759,positive
1760,positive
1761,neutral
1762,neutral
1763,neutral
1764,positive
1765,negative
1766,positive
1767,neutral
1768,negative
1769,neutral
1770,positive
1771,negative
1772,positive
1773,positive
1774,positive
1775,positive
1776,negative
1777,neutral
1778,neutral
1779,negative
1780,neutral
1781,neutral
1782,neutral
1783,neutral
1784,negative
1785,positive
1786,neutral
1787,neutral
1788,positive
1789,positive
1790,neutral
1791,neutral
1792,negative
1793,neutral
1794,neutral
1795,neutral
1796,neutral
1797,neutral
1798,positive
1799,positive
1800,positive
1801,positive
1802,positive
1803,neutral
1804,positive
1805,neutral
1806,neutral
1807,positive
1808,neutral
1809,negative
1810,neutral
1811,neutral
1812,neutral
1813,neutral
1814,positive
1815,neutral
1816,neutral
1817,neutral
1818,neutral
1819,positive
1820,positive
1821,neutral
1822,negative
1823,neutral
1824,neutral
1825,neutral
1826,neutral
1827,neutral
1828,neutral
1829,negative
1830,positive
1831,negative
1832,positive
1833,neutral
1834,positive
1835,negative
1836,positive
1837,positive
1838,positive
1839,neutral
1840,negative
1841,negative
1842,positive
1843,positive
1844,positive
1845,positive
1846,positive
1847,positive
1848,positive
1849,positive
1850,positive
1851,neutral
1852,positive
1853,neutral
1854,negative
1855,positive
1856,neutral
1857,positive
1858,neutral
1859,positive
1860,negative
1861,negative
1862,neutral
1863,neutral
1864,positive
1865,neutral
1866,neutral
1867,negative
1868,positive
1869,positive
1870,neutral
1871,positive
1872,positive
1873,positive
1874,positive
1875,neutral
1876,positive
1877,positive
1878,neutral
1879,neutral
1880,neutral
1881,positive
1882,neutral
1883,negative
1884,positive
1885,positive
1886,positive
1887,positive
1888,positive
1889,positive
1890,positive
1891,neutral
1892,neutral
1893,negative
1894,neutral
1895,neutral
1896,neutral
1897,neutral
1898,positive
1899,positive
1900,neutral
1901,neutral
1902,neutral
1903,negative
1904,positive
1905,positive
1906,negative
1907,neutral
1908,positive
1909,positive
1910,negative
1911,positive
1912,positive
1913,neutral
1914,negative
1915,neutral
1916,neutral
1917,positive
1918,positive
1919,positive
1920,negative
1921,neutral
1922,positive
1923,positive
1924,neutral
1925,neutral
1926,neutral
1927,neutral
1928,positive
1929,positive
1930,neutral
1931,neutral
1932,neutral
1933,neutral
1934,positive
1935,positive
1936,neutral
1937,neutral
1938,neutral
1939,neutral
1940,positive
1941,neutral
1942,neutral
1943,neutral
1944,neutral
1945,negative
1946,neutral
1947,neutral
1948,neutral
1949,neutral
1950,positive
1951,neutral
1952,neutral
1953,positive
1954,neutral
1955,neutral
1956,negative
1957,positive
1958,negative
1959,neutral
1960,positive
1961,neutral
1962,neutral
1963,neutral
1964,neutral
1965,positive
1966,positive
1967,neutral
1968,neutral
1969,positive
1970,neutral
1971,negative
1972,positive
1973,positive
1974,neutral
1975,neutral
1976,neutral
1977,negative
1978,negative
1979,positive
1980,neutral
1981,positive
1982,positive
1983,positive
1984,neutral
1985,neutral
1986,neutral
1987,neutral
1988,negative
1989,positive
1990,positive
1991,negative
1992,negative
1993,neutral
1994,neutral
1995,positive
1996,neutral
1997,positive
1998,positive
1999,neutral
2000,positive
2001,neutral
2002,neutral
2003,positive
2004,positive
2005,neutral
2006,positive
2007,positive
2008,positive
2009,neutral
2010,positive
2011,positive
2012,neutral
2013,positive
2014,positive
2015,neutral
2016,positive
2017,positive
2018,neutral
2019,negative
2020,positive
2021,neutral
2022,positive
2023,negative
2024,positive
2025,negative
2026,negative
2027,positive
2028,neutral
2029,neutral
2030,positive
2031,neutral
2032,positive
2033,neutral
2034,negative
2035,positive
2036,neutral
2037,negative
2038,negative
2039,positive
2040,neutral
2041,positive
2042,neutral
2043,positive
2044,positive
2045,negative
2046,positive
2047,positive
2048,neutral
2049,neutral
2050,positive
2051,positive
2052,neutral
2053,positive
2054,neutral
2055,positive
2056,neutral
2057,neutral
2058,neutral
2059,neutral
2060,neutral
2061,neutral
2062,neutral
2063,positive
2064,neutral
2065,neutral
2066,neutral
2067,neutral
2068,positive
2069,positive
2070,positive
2071,positive
2072,positive
2073,negative
2074,positive
2075,positive
2076,neutral
2077,positive
2078,neutral
2079,positive
2080,neutral
2081,neutral
2082,negative
2083,positive
2084,negative
2085,neutral
2086,negative
2087,neutral
2088,neutral
2089,positive
2090,negative
2091,neutral
2092,neutral
2093,neutral
2094,neutral
2095,positive
2096,neutral
2097,neutral
2098,positive
2099,positive
2100,neutral
2101,positive
2102,negative
2103,neutral
2104,positive
2105,neutral
2106,positive
2107,positive
2108,negative
2109,neutral
2110,neutral
2111,positive
2112,positive
2113,positive
2114,neutral
2115,negative
2116,positive
2117,positive
2118,positive
2119,neutral
2120,neutral
2121,positive
2122,neutral
2123,positive
2124,neutral
2125,positive
2126,positive
2127,negative
2128,neutral
2129,positive
2130,positive
2131,negative
2132,positive
2133,positive
2134,positive
2135,negative
2136,neutral
2137,negative
2138,negative
2139,positive
2140,negative
2141,positive
2142,positive
2143,positive
2144,positive
2145,positive
2146,negative
2147,neutral
2148,positive
2149,positive
2150,neutral
2151,neutral
2152,positive
2153,positive
2154,neutral
2155,positive
2156,positive
2157,neutral
2158,neutral
2159,positive
2160,positive
2161,positive
2162,positive
2163,neutral
2164,positive
2165,positive
2166,neutral
2167,positive
2168,neutral
2169,neutral
2170,positive
2171,positive
2172,positive
2173,positive
2174,negative
2175,neutral
2176,positive
2177,positive
2178,positive
2179,positive
2180,positive
2181,positive
2182,neutral
2183,positive
2184,positive
2185,positive
2186,neutral
2187,positive
2188,negative
2189,positive
2190,positive
2191,positive
2192,positive
2193,neutral
2194,positive
2195,negative
2196,positive
2197,neutral
2198,neutral
2199,neutral
2200,neutral
2201,neutral
2202,positive
2203,neutral
2204,positive
2205,positive
2206,positive
2207,neutral
2208,negative
2209,negative
2210,positive
2211,positive
2212,negative
2213,negative
2214,positive
2215,neutral
2216,neutral
2217,positive
2218,negative
2219,positive
2220,positive
2221,neutral
2222,neutral
2223,neutral
2224,neutral
2225,positive
2226,positive
2227,neutral
2228,negative
2229,positive
2230,positive
2231,neutral
2232,positive
2233,negative
2234,positive
2235,positive
2236,neutral
2237,positive
2238,neutral
2239,positive
2240,neutral
2241,neutral
2242,positive
2243,positive
2244,neutral
2245,positive
2246,negative
2247,positive
2248,positive
2249,positive
2250,neutral
2251,neutral
2252,neutral
2253,positive
2254,neutral
2255,positive
2256,positive
2257,positive
2258,neutral
2259,positive
2260,positive
2261,positive
2262,positive
2263,neutral
2264,neutral
2265,neutral
2266,neutral
2267,positive
2268,positive
2269,positive
2270,neutral
2271,positive
2272,positive
2273,positive
2274,neutral
2275,neutral
2276,neutral
2277,neutral
2278,negative
2279,negative
2280,positive
2281,positive
2282,positive
2283,neutral
2284,negative
2285,neutral
2286,neutral
2287,neutral
2288,positive
2289,positive
2290,neutral
2291,neutral
2292,neutral
2293,positive
2294,neutral
2295,positive
2296,positive
2297,neutral
2298,neutral
2299,neutral
2300,positive
2301,negative
2302,neutral
2303,negative
2304,positive
2305,neutral
2306,neutral
2307,neutral
2308,positive
2309,positive
2310,positive
2311,neutral
2312,positive
2313,neutral
2314,positive
2315,neutral
2316,neutral
2317,neutral
2318,neutral
2319,negative
2320,negative
2321,negative
2322,negative
2323,positive
2324,positive
2325,neutral
2326,positive
2327,positive
2328,positive
2329,neutral
2330,positive
2331,positive
2332,negative
2333,neutral
2334,positive
2335,positive
2336,neutral
2337,positive
2338,neutral
2339,positive
2340,neutral
2341,neutral
2342,positive
2343,positive
2344,neutral
2345,positive
2346,neutral
2347,neutral
2348,positive
2349,neutral
2350,neutral
2351,positive
2352,positive
2353,negative
2354,neutral
2355,neutral
2356,neutral
2357,positive
2358,neutral
2359,neutral
2360,positive
2361,neutral
2362,negative
2363,positive
2364,positive
2365,neutral
2366,neutral
2367,neutral
2368,negative
2369,neutral
2370,neutral
2371,neutral
2372,neutral
2373,positive
2374,positive
2375,neutral
2376,neutral
2377,positive
2378,positive
2379,neutral
2380,positive
2381,neutral
2382,neutral
2383,positive
2384,neutral
2385,negative
2386,neutral
2387,neutral
2388,positive
2389,positive
2390,positive
2391,neutral
2392,neutral
2393,neutral
2394,positive
2395,negative
2396,neutral
2397,positive
2398,neutral
2399,positive
2400,neutral
2401,neutral
2402,neutral
2403,neutral
2404,neutral
2405,neutral
2406,positive
2407,positive
2408,positive
2409,positive
2410,negative
2411,positive
2412,positive
2413,neutral
2414,neutral
2415,negative
2416,positive
2417,positive
2418,positive
2419,positive
2420,negative
2421,positive
2422,neutral
2423,neutral
2424,neutral
2425,neutral
2426,positive
2427,positive
2428,positive
2429,positive
2430,positive
2431,neutral
2432,positive
2433,positive
2434,positive
2435,neutral
2436,positive
2437,positive
2438,neutral
2439,neutral
2440,neutral
2441,positive
2442,neutral
2443,neutral
2444,positive
2445,neutral
2446,neutral
2447,neutral
2448,positive
2449,neutral
2450,positive
2451,positive
2452,neutral
2453,positive
2454,neutral
2455,positive
2456,neutral
2457,negative
2458,neutral
2459,neutral
2460,negative
2461,negative
2462,positive
2463,neutral
2464,neutral
2465,neutral
2466,positive
2467,positive
2468,neutral
2469,positive
2470,positive
2471,negative
2472,negative
2473,neutral
2474,negative
2475,positive
2476,negative
2477,negative
2478,negative
2479,positive
2480,positive
2481,neutral
2482,neutral
2483,positive
2484,positive
2485,neutral
2486,neutral
2487,positive
2488,neutral
2489,positive
2490,positive
2491,positive
2492,positive
2493,neutral
2494,positive
2495,neutral
2496,positive
2497,positive
2498,positive
2499,positive
2500,neutral
2501,positive
2502,positive
2503,positive
2504,neutral
2505,neutral
2506,positive
2507,neutral
2508,neutral
2509,positive
2510,positive
2511,positive
2512,positive
2513,neutral
2514,neutral
2515,neutral
2516,neutral
2517,positive
2518,positive
2519,positive
2520,neutral
2521,neutral
2522,negative
2523,neutral
2524,neutral
2525,neutral
2526,neutral
2527,positive
2528,neutral
2529,positive
2530,neutral
2531,neutral
2532,negative
2533,neutral
2534,neutral
2535,positive
2536,positive
2537,neutral
2538,neutral
2539,neutral
2540,negative
2541,positive
2542,positive
2543,positive
2544,neutral
2545,positive
2546,positive
2547,neutral
2548,neutral
2549,positive
2550,neutral
2551,positive
2552,neutral
2553,neutral
2554,neutral
2555,neutral
2556,neutral
2557,positive
2558,neutral
2559,neutral
2560,neutral
2561,positive
2562,neutral
2563,neutral
2564,positive
2565,negative
2566,negative
2567,neutral
2568,positive
2569,neutral
2570,neutral
2571,neutral
2572,positive
2573,negative
2574,neutral
2575,positive
2576,neutral
2577,neutral
2578,positive
2579,positive
2580,neutral
2581,neutral
2582,neutral
2583,neutral
2584,negative
2585,positive
2586,positive
2587,positive
2588,positive
2589,negative
2590,neutral
2591,neutral
2592,positive
2593,negative
2594,positive
2595,positive
2596,positive
2597,neutral
2598,positive
2599,neutral
2600,negative
2601,positive
2602,neutral
2603,neutral
2604,neutral
2605,positive
2606,negative
2607,neutral
2608,neutral
2609,neutral
2610,positive
2611,neutral
2612,negative
2613,neutral
2614,neutral
2615,positive
2616,negative
2617,neutral
2618,neutral
2619,positive
2620,positive
2621,positive
2622,neutral
2623,neutral
2624,neutral
2625,positive
2626,neutral
2627,negative
2628,neutral
2629,negative
2630,neutral
2631,neutral
2632,neutral
2633,neutral
2634,neutral
2635,neutral
2636,positive
2637,neutral
2638,positive
2639,positive
2640,positive
2641,positive
2642,positive
2643,neutral
2644,neutral
2645,neutral
2646,positive
2647,neutral
2648,positive
2649,negative
2650,positive
2651,neutral
2652,neutral
2653,positive
2654,neutral
2655,neutral
2656,positive
2657,positive
2658,positive
2659,negative
2660,negative
2661,positive
2662,positive
2663,negative
2664,positive
2665,neutral
2666,positive
2667,neutral
2668,neutral
2669,negative
2670,positive
2671,negative
2672,neutral
2673,neutral
2674,neutral
2675,neutral
2676,neutral
2677,negative
2678,positive
2679,negative
2680,neutral
2681,neutral
2682,neutral
2683,positive
2684,neutral
2685,negative
2686,positive
2687,neutral
2688,neutral
2689,neutral
2690,negative
2691,neutral
2692,neutral
2693,positive
2694,neutral
2695,positive
2696,positive
2697,negative
2698,neutral
2699,neutral
2700,neutral
2701,positive
2702,positive
2703,positive
2704,neutral
2705,neutral
2706,neutral
2707,neutral
2708,neutral
2709,positive
2710,neutral
2711,neutral
2712,negative
2713,neutral
2714,neutral
2715,positive
2716,negative
2717,neutral
2718,positive
2719,negative
2720,neutral
2721,positive
2722,positive
2723,neutral
2724,neutral
2725,positive
2726,positive
2727,neutral
2728,neutral
2729,positive
2730,neutral
2731,negative
2732,neutral
2733,neutral
2734,negative
2735,negative
2736,neutral
2737,positive
2738,negative
2739,neutral
2740,neutral
2741,neutral
2742,positive
2743,neutral
2744,negative
2745,positive
2746,neutral
2747,positive
2748,neutral
2749,neutral
2750,negative
2751,neutral
2752,neutral
2753,neutral
2754,neutral
2755,positive
2756,positive
2757,positive
2758,positive
2759,neutral
2760,neutral
2761,neutral
2762,neutral
2763,positive
2764,neutral
2765,positive
2766,neutral
2767,negative
2768,negative
2769,positive
2770,negative
2771,positive
2772,positive
2773,neutral
2774,neutral
2775,positive
2776,positive
2777,neutral
2778,neutral
2779,positive
2780,neutral
2781,neutral
2782,neutral
2783,neutral
2784,neutral
2785,neutral
2786,positive
2787,neutral
2788,neutral
2789,neutral
2790,neutral
2791,neutral
2792,neutral
2793,negative
2794,neutral
2795,positive
2796,neutral
2797,neutral
2798,positive
2799,negative
2800,neutral
2801,neutral
2802,negative
2803,positive
2804,negative
2805,negative
2806,neutral
2807,neutral
2808,negative
2809,positive
2810,neutral
2811,positive
2812,positive
2813,neutral
2814,neutral
2815,positive
2816,negative
2817,neutral
2818,positive
2819,positive
2820,negative
2821,positive
2822,positive
2823,positive
2824,negative
2825,positive
2826,positive
2827,neutral
2828,neutral
2829,neutral
2830,positive
2831,neutral
2832,negative
2833,negative
2834,positive
2835,positive
2836,negative
2837,neutral
2838,positive
2839,neutral
2840,positive
2841,positive
2842,neutral
2843,positive
2844,neutral
2845,positive
2846,positive
2847,neutral
2848,neutral
2849,neutral
2850,positive
2851,neutral
2852,neutral
2853,positive
2854,positive
2855,positive
2856,negative
2857,neutral
2858,positive
2859,positive
2860,positive
2861,positive
2862,neutral
2863,neutral
2864,positive
2865,neutral
2866,negative
2867,neutral
2868,neutral
2869,negative
2870,neutral
2871,positive
2872,positive
2873,positive
2874,neutral
2875,neutral
2876,positive
2877,positive
2878,positive
2879,positive
2880,positive
2881,positive
2882,negative
2883,neutral
2884,positive
2885,neutral
2886,positive
2887,positive
2888,positive
2889,neutral
2890,positive
2891,positive
2892,neutral
2893,neutral
2894,negative
2895,neutral
2896,neutral
2897,neutral
2898,neutral
2899,positive
2900,negative
2901,neutral
2902,neutral
2903,positive
2904,neutral
2905,negative
2906,neutral
2907,positive
2908,positive
2909,positive
2910,neutral
2911,neutral
2912,neutral
2913,positive
2914,positive
2915,positive
2916,positive
2917,positive
2918,positive
2919,positive
2920,negative
2921,negative
2922,positive
2923,positive
2924,positive
2925,positive
2926,neutral
2927,neutral
2928,positive
2929,negative
2930,positive
2931,negative
2932,positive
2933,positive
2934,positive
2935,negative
2936,positive
2937,positive
2938,positive
2939,neutral
2940,positive
2941,neutral
2942,negative
2943,positive
2944,neutral
2945,positive
2946,positive
2947,positive
2948,neutral
2949,neutral
2950,positive
2951,positive
2952,neutral
2953,positive
2954,positive
2955,positive
2956,positive
2957,neutral
2958,positive
2959,neutral
2960,negative
2961,neutral
2962,neutral
2963,positive
2964,positive
2965,neutral
2966,negative
2967,neutral
2968,negative
2969,neutral
2970,positive
2971,neutral
2972,neutral
2973,positive
2974,neutral
2975,positive
2976,positive
2977,positive
2978,neutral
2979,negative
2980,neutral
2981,positive
2982,neutral
2983,positive
2984,negative
2985,positive
2986,neutral
2987,neutral
2988,positive
2989,positive
2990,neutral
2991,positive
2992,negative
2993,positive
2994,negative
2995,positive
2996,neutral
2997,neutral
2998,neutral
2999,neutral
3000,negative
3001,negative
3002,positive
3003,neutral
3004,negative
3005,neutral
3006,positive
3007,neutral
3008,neutral
3009,positive
3010,positive
3011,neutral
3012,neutral
3013,neutral
3014,negative
3015,positive
3016,neutral
3017,neutral
3018,neutral
3019,neutral
3020,negative
3021,neutral
3022,neutral
3023,negative
3024,neutral
3025,negative
3026,neutral
3027,positive
3028,positive
3029,neutral
3030,neutral
3031,positive
3032,positive
3033,neutral
3034,neutral
3035,negative
3036,positive
3037,neutral
3038,negative
3039,neutral
3040,neutral
3041,neutral
3042,neutral
3043,neutral
3044,neutral
3045,neutral
3046,neutral
3047,neutral
3048,positive
3049,neutral
3050,neutral
3051,neutral
3052,positive
3053,positive
3054,neutral
3055,neutral
3056,neutral
3057,neutral
3058,positive
3059,neutral
3060,negative
3061,negative
3062,neutral
3063,neutral
3064,neutral
3065,positive
3066,positive
3067,neutral
3068,neutral
3069,positive
3070,positive
3071,positive
3072,neutral
3073,positive
3074,positive
3075,neutral
3076,positive
3077,positive
3078,positive
3079,positive
3080,positive
3081,neutral
3082,neutral
3083,positive
3084,negative
3085,neutral
3086,positive
3087,positive
3088,neutral
3089,negative
3090,neutral
3091,positive
3092,positive
3093,positive
3094,neutral
3095,positive
3096,positive
3097,neutral
3098,neutral
3099,neutral
3100,positive
3101,positive
3102,positive
3103,positive
3104,positive
3105,neutral
3106,neutral
3107,neutral
3108,neutral
3109,negative
3110,neutral
3111,positive
3112,negative
3113,neutral
3114,neutral
3115,negative
3116,negative
3117,negative
3118,positive
3119,negative
3120,positive
3121,neutral
3122,positive
3123,negative
3124,neutral
3125,positive
3126,neutral
3127,neutral
3128,neutral
3129,positive
3130,neutral
3131,neutral
3132,neutral
3133,neutral
3134,positive
3135,neutral
3136,neutral
3137,neutral
3138,neutral
3139,positive
3140,positive
3141,neutral
3142,positive
3143,neutral
3144,neutral
3145,positive
3146,neutral
3147,positive
3148,neutral
3149,positive
3150,neutral
3151,positive
3152,neutral
3153,neutral
3154,neutral
3155,neutral
3156,neutral
3157,neutral
3158,positive
3159,positive
3160,neutral
3161,positive
3162,neutral
3163,positive
3164,neutral
3165,neutral
3166,neutral
3167,neutral
3168,neutral
3169,positive
3170,negative
3171,negative
3172,positive
3173,positive
3174,neutral
3175,negative
3176,positive
3177,neutral
3178,positive
3179,neutral
3180,negative
3181,positive
3182,neutral
3183,neutral
3184,neutral
3185,neutral
3186,positive
3187,neutral
3188,neutral
3189,positive
3190,negative
3191,neutral
3192,neutral
3193,neutral
3194,negative
3195,neutral
3196,neutral
3197,neutral
3198,neutral
3199,positive
3200,neutral
3201,neutral
3202,neutral
3203,neutral
3204,neutral
3205,negative
3206,neutral
3207,neutral
3208,neutral
3209,neutral
3210,neutral
3211,neutral
3212,positive
3213,positive
3214,neutral
3215,positive
3216,neutral
3217,neutral
3218,neutral
3219,neutral
3220,neutral
3221,neutral
3222,negative
3223,neutral
3224,neutral
3225,positive
3226,positive
3227,positive
3228,positive
3229,positive
3230,neutral
3231,neutral
3232,positive
3233,positive
3234,neutral
3235,neutral
3236,positive
3237,neutral
3238,neutral
3239,neutral
3240,neutral
3241,negative
3242,neutral
3243,positive
3244,neutral
3245,negative
3246,neutral
3247,neutral
3248,positive
3249,negative
3250,neutral
3251,positive
3252,neutral
3253,negative
3254,neutral
3255,neutral
3256,neutral
3257,neutral
3258,positive
3259,negative
3260,neutral
3261,neutral
3262,negative
3263,positive
3264,neutral
3265,positive
3266,positive
3267,negative
3268,positive
3269,neutral
3270,positive
3271,negative
3272,positive
3273,positive
3274,positive
3275,neutral
3276,neutral
3277,neutral
3278,positive
3279,positive
3280,positive
3281,positive
3282,neutral
3283,positive
3284,negative
3285,negative
3286,neutral
3287,neutral
3288,neutral
3289,neutral
3290,positive
3291,neutral
3292,neutral
3293,neutral
3294,negative
3295,positive
3296,positive
3297,neutral
3298,neutral
3299,positive
3300,neutral
3301,neutral
3302,neutral
3303,neutral
3304,neutral
3305,positive
3306,negative
3307,positive
3308,positive
3309,negative
3310,negative
3311,positive
3312,positive
3313,positive
3314,neutral
3315,positive
3316,neutral
3317,positive
3318,positive
3319,positive
3320,positive
3321,neutral
3322,negative
3323,neutral
3324,positive
3325,neutral
3326,negative
3327,positive
3328,neutral
3329,neutral
3330,positive
3331,negative
3332,positive
3333,negative
3334,positive
3335,neutral
3336,positive
3337,positive
3338,positive
3339,neutral
3340,neutral
3341,neutral
3342,positive
3343,negative
3344,positive
3345,positive
3346,neutral
3347,positive
3348,negative
3349,negative
3350,positive
3351,neutral
3352,positive
3353,neutral
3354,neutral
3355,positive
3356,neutral
3357,neutral
3358,positive
3359,neutral
3360,neutral
3361,positive
3362,positive
3363,neutral
3364,positive
3365,neutral
3366,neutral
3367,negative
3368,negative
3369,negative
3370,positive
3371,neutral
3372,neutral
3373,positive
3374,neutral
3375,negative
3376,negative
3377,positive
3378,neutral
3379,positive
3380,positive
3381,neutral
3382,positive
3383,neutral
3384,positive
3385,neutral
3386,neutral
3387,neutral
3388,positive
3389,neutral
3390,positive
3391,negative
3392,neutral
3393,neutral
3394,positive
3395,positive
3396,neutral
3397,neutral
3398,positive
3399,positive
3400,positive
3401,positive
3402,positive
3403,negative
3404,neutral
3405,positive
3406,positive
3407,neutral
3408,positive
3409,positive
3410,neutral
3411,positive
3412,positive
3413,neutral
3414,positive
3415,neutral
3416,negative
3417,positive
3418,neutral
3419,positive
3420,negative
3421,positive
3422,neutral
3423,positive
3424,neutral
3425,positive
3426,positive
3427,neutral
3428,positive
3429,neutral
3430,positive
3431,positive
3432,neutral
3433,neutral
3434,positive
3435,neutral
3436,neutral
3437,neutral
3438,neutral
3439,neutral
3440,positive
3441,positive
3442,positive
3443,positive
3444,neutral
3445,positive
3446,negative
3447,neutral
3448,neutral
3449,positive
3450,positive
3451,positive
3452,neutral
3453,neutral
3454,positive
3455,negative
3456,positive
3457,positive
3458,negative
3459,neutral
3460,negative
3461,negative
3462,positive
3463,negative
3464,neutral
3465,neutral
3466,positive
3467,neutral
3468,neutral
3469,neutral
3470,positive
3471,neutral
3472,positive
3473,neutral
3474,positive
3475,neutral
3476,neutral
3477,negative
3478,neutral
3479,negative
3480,negative
3481,neutral
3482,neutral
3483,positive
3484,neutral
3485,neutral
3486,negative
3487,neutral
3488,negative
3489,neutral
3490,neutral
3491,neutral
3492,positive
3493,negative
3494,positive
3495,positive
3496,positive
3497,neutral
3498,negative
3499,negative
3500,negative
3501,neutral
3502,positive
3503,neutral
3504,negative
3505,positive
3506,neutral
3507,neutral
3508,neutral
3509,negative
3510,negative
3511,neutral
3512,negative
3513,neutral
3514,negative
3515,negative
3516,negative
3517,positive
3518,neutral
3519,neutral
3520,positive
3521,neutral
3522,neutral
3523,positive
3524,negative
3525,positive
3526,positive
3527,neutral
3528,positive
3529,positive
3530,positive
3531,negative
3532,neutral
3533,negative
3534,neutral
3535,neutral
3536,neutral
3537,neutral
3538,negative
3539,positive
3540,neutral
3541,negative
3542,neutral
3543,negative
3544,negative
3545,negative
3546,neutral
3547,neutral
3548,neutral
3549,neutral
3550,negative
3551,neutral
3552,positive
3553,neutral
3554,positive
3555,neutral
3556,neutral
3557,positive
3558,positive
3559,positive
3560,positive
3561,negative
3562,positive
3563,positive
3564,neutral
3565,positive
3566,negative
3567,neutral
3568,negative
3569,neutral
3570,neutral
3571,negative
3572,neutral
3573,negative
3574,positive
3575,neutral
3576,neutral
3577,neutral
3578,positive
3579,neutral
3580,negative
3581,negative
3582,neutral
3583,negative
3584,positive
3585,positive
3586,positive
3587,negative
3588,negative
3589,positive
3590,negative
3591,negative
3592,neutral
3593,neutral
3594,negative
3595,negative
3596,neutral
3597,neutral
3598,neutral
3599,negative
3600,negative
3601,positive
3602,neutral
3603,positive
3604,neutral
3605,negative
3606,positive
3607,positive
3608,positive
3609,neutral
3610,positive
3611,negative
3612,neutral
3613,negative
3614,negative
3615,positive
3616,neutral
3617,neutral
3618,neutral
3619,negative
3620,positive
3621,negative
3622,neutral
3623,neutral
3624,negative
3625,neutral
3626,neutral
3627,positive
3628,neutral
3629,negative
3630,negative
3631,neutral
3632,positive
3633,negative
3634,positive
3635,positive
3636,neutral
3637,negative
3638,negative
3639,neutral
3640,negative
3641,positive
3642,neutral
3643,neutral
3644,neutral
3645,positive
3646,negative
3647,positive
3648,positive
3649,neutral
3650,negative
3651,neutral
3652,positive
3653,negative
3654,neutral
3655,positive
3656,negative
3657,neutral
3658,neutral
3659,neutral
3660,neutral
3661,negative
3662,negative
3663,neutral
3664,negative
3665,neutral
3666,negative
3667,neutral
3668,positive
3669,neutral
3670,positive
3671,positive
3672,neutral
3673,positive
3674,negative
3675,neutral
3676,neutral
3677,positive
3678,negative
3679,positive
3680,positive
3681,positive
3682,positive
3683,positive
3684,positive
3685,positive
3686,negative
3687,neutral
3688,neutral
3689,neutral
3690,positive
3691,positive
3692,negative
3693,neutral
3694,positive
3695,neutral
3696,positive
3697,neutral
3698,neutral
3699,neutral
3700,negative
3701,positive
3702,neutral
3703,neutral
3704,neutral
3705,neutral
3706,positive
3707,neutral
3708,positive
3709,negative
3710,neutral
3711,negative
3712,positive
3713,neutral
3714,positive
3715,neutral
3716,neutral
3717,positive
3718,neutral
3719,negative
3720,neutral
3721,neutral
3722,positive
3723,positive
3724,neutral
3725,positive
3726,positive
3727,neutral
3728,neutral
3729,neutral
3730,neutral
3731,neutral
3732,positive
3733,neutral
3734,neutral
3735,positive
3736,positive
3737,neutral
3738,positive
3739,negative
3740,neutral
3741,neutral
3742,neutral
3743,positive
3744,neutral
3745,negative
3746,neutral
3747,neutral
3748,positive
3749,neutral
3750,positive
3751,positive
3752,negative
3753,positive
3754,neutral
3755,negative
3756,negative
3757,neutral
3758,neutral
3759,neutral
3760,neutral
3761,positive
3762,neutral
3763,positive
3764,positive
3765,positive
3766,negative
3767,positive
3768,positive
3769,positive
3770,negative
3771,negative
3772,neutral
3773,negative
3774,neutral
3775,neutral
3776,neutral
3777,neutral
3778,neutral
3779,neutral
3780,neutral
3781,neutral
3782,neutral
3783,neutral
3784,positive
3785,positive
3786,neutral
3787,neutral
3788,neutral
3789,positive
3790,neutral
3791,positive
3792,neutral
3793,neutral
3794,neutral
3795,neutral
3796,neutral
3797,negative
3798,neutral
3799,positive
3800,negative
3801,negative
3802,neutral
3803,neutral
3804,neutral
3805,neutral
3806,neutral
3807,neutral
3808,neutral
3809,neutral
3810,neutral
3811,neutral
3812,neutral
3813,neutral
3814,neutral
3815,neutral
3816,neutral
3817,positive
3818,positive
3819,negative
3820,neutral
3821,positive
3822,neutral
3823,positive
3824,negative
3825,negative
3826,positive
3827,negative
3828,neutral
3829,positive
3830,neutral
3831,neutral
3832,neutral
3833,positive
3834,neutral
3835,neutral
3836,negative
3837,positive
3838,negative
3839,negative
3840,positive
3841,positive
3842,positive
3843,negative
3844,neutral
3845,neutral
3846,positive
3847,negative
3848,negative
3849,positive
3850,negative
3851,neutral
3852,neutral
3853,negative
3854,positive
3855,negative
3856,positive
3857,neutral
3858,neutral
3859,positive
3860,negative
3861,negative
3862,neutral
3863,neutral
3864,neutral
3865,neutral
3866,positive
3867,neutral
3868,neutral
3869,neutral
3870,neutral
3871,neutral
3872,neutral
3873,negative
3874,neutral
3875,neutral
3876,positive
3877,positive
3878,positive
3879,positive
3880,neutral
3881,negative
3882,negative
3883,negative
3884,negative
3885,neutral
3886,neutral
3887,positive
3888,neutral
3889,negative
3890,neutral
3891,negative
3892,positive
3893,neutral
3894,neutral
3895,negative
3896,positive
3897,positive
3898,neutral
3899,positive
3900,neutral
3901,neutral
3902,positive
3903,neutral
3904,neutral
3905,neutral
3906,neutral
3907,positive
3908,positive
3909,neutral
3910,positive
3911,neutral
3912,negative
3913,neutral
3914,neutral
3915,negative
3916,negative
3917,negative
3918,positive
3919,neutral
3920,negative
3921,positive
3922,neutral
3923,neutral
3924,neutral
3925,neutral
3926,negative
3927,negative
3928,positive
3929,neutral
3930,neutral
3931,neutral
3932,positive
3933,positive
3934,positive
3935,negative
3936,positive
3937,positive
3938,neutral
3939,neutral
3940,positive
3941,positive
3942,neutral
3943,neutral
3944,neutral
3945,neutral
3946,neutral
3947,negative
3948,neutral
3949,neutral
3950,positive
3951,negative
3952,neutral
3953,negative
3954,neutral
3955,neutral
3956,positive
3957,positive
3958,negative
3959,negative
3960,neutral
3961,positive
3962,negative
3963,neutral
3964,positive
3965,neutral
3966,negative
3967,negative
3968,neutral
3969,neutral
3970,neutral
3971,positive
3972,neutral
3973,neutral
3974,negative
3975,negative
3976,negative
3977,neutral
3978,positive
3979,neutral
3980,neutral
3981,neutral
3982,neutral
3983,positive
3984,neutral
3985,neutral
3986,negative
3987,neutral
3988,neutral
3989,positive
3990,neutral
3991,positive
3992,positive
3993,negative
3994,negative
3995,negative
3996,positive
3997,positive
3998,negative
3999,negative
4000,negative
4001,positive
4002,neutral
4003,negative
4004,negative
4005,neutral
4006,negative
4007,positive
4008,positive
4009,neutral
4010,positive
4011,positive
4012,positive
4013,positive
4014,negative
4015,positive
4016,neutral
4017,neutral
4018,negative
4019,positive
4020,neutral
4021,neutral
4022,negative
4023,positive
4024,positive
4025,positive
4026,positive
4027,positive
4028,positive
4029,neutral
4030,negative
4031,neutral
4032,negative
4033,negative
4034,positive
4035,positive
4036,positive
4037,neutral
4038,neutral
4039,positive
4040,neutral
4041,neutral
4042,neutral
4043,neutral
4044,neutral
4045,neutral
4046,positive
4047,neutral
4048,neutral
4049,positive
4050,positive
4051,neutral
4052,positive
4053,neutral
4054,positive
4055,positive
4056,positive
4057,neutral
4058,neutral
4059,neutral
4060,positive
4061,negative
4062,positive
4063,positive
4064,neutral
4065,neutral
4066,neutral
4067,neutral
4068,neutral
4069,positive
4070,positive
4071,neutral
4072,neutral
4073,positive
4074,neutral
4075,neutral
4076,neutral
4077,neutral
4078,neutral
4079,positive
4080,positive
4081,neutral
4082,negative
4083,positive
4084,neutral
4085,neutral
4086,neutral
4087,positive
4088,neutral
4089,neutral
4090,positive
4091,negative
4092,neutral
4093,negative
4094,negative
4095,positive
4096,neutral
4097,neutral
4098,neutral
4099,positive
4100,neutral
4101,neutral
4102,neutral
4103,neutral
4104,neutral
4105,negative
4106,neutral
4107,positive
4108,positive
4109,negative
4110,neutral
4111,neutral
4112,negative
4113,neutral
4114,neutral
4115,neutral
4116,negative
4117,negative
4118,neutral
4119,negative
4120,positive
4121,positive
4122,neutral
4123,positive
4124,neutral
4125,neutral
4126,positive
4127,negative
4128,positive
4129,neutral
4130,neutral
4131,negative
4132,neutral
4133,neutral
4134,positive
4135,neutral
4136,positive
4137,negative
4138,neutral
4139,negative
4140,negative
4141,negative
4142,positive
4143,negative
4144,neutral
4145,positive
4146,neutral
4147,neutral
4148,neutral
4149,neutral
4150,negative
4151,neutral
4152,neutral
4153,positive
4154,negative
4155,neutral
4156,neutral
4157,positive
4158,neutral
4159,neutral
4160,neutral
4161,negative
4162,negative
4163,neutral
4164,neutral
4165,neutral
4166,negative
4167,negative
4168,negative
4169,positive
4170,positive
4171,positive
4172,positive
4173,neutral
4174,neutral
4175,neutral
4176,negative
4177,positive
4178,positive
4179,neutral
4180,negative
4181,neutral
4182,neutral
4183,neutral
4184,negative
4185,positive
4186,positive
4187,positive
4188,neutral
4189,neutral
4190,neutral
4191,neutral
4192,positive
4193,neutral
4194,neutral
4195,positive
4196,negative
4197,positive
4198,positive
4199,negative
4200,neutral
4201,positive
4202,positive
4203,neutral
4204,negative
4205,neutral
4206,neutral
4207,negative
4208,negative
4209,neutral
4210,neutral
4211,positive
4212,neutral
4213,negative
4214,neutral
4215,positive
4216,negative
4217,positive
4218,negative
4219,neutral
4220,neutral
4221,neutral
4222,positive
4223,positive
4224,negative
4225,neutral
4226,neutral
4227,neutral
4228,neutral
4229,negative
4230,negative
4231,positive
4232,neutral
4233,neutral
4234,neutral
4235,negative
4236,positive
4237,neutral
4238,positive
4239,positive
4240,positive
4241,positive
4242,neutral
4243,neutral
4244,negative
4245,neutral
4246,positive
4247,positive
4248,neutral
4249,neutral
4250,positive
4251,neutral
4252,positive
4253,neutral
4254,positive
4255,positive
4256,neutral
4257,neutral
4258,neutral
4259,negative
4260,neutral
4261,neutral
4262,neutral
4263,neutral
4264,negative
4265,positive
4266,neutral
4267,neutral
4268,neutral
4269,negative
4270,negative
4271,positive
4272,positive
4273,neutral
4274,neutral
4275,positive
4276,negative
4277,positive
4278,neutral
4279,positive
4280,negative
4281,neutral
4282,neutral
4283,neutral
4284,neutral
4285,negative
4286,neutral
4287,positive
4288,neutral
4289,negative
4290,negative
4291,neutral
4292,positive
4293,neutral
4294,positive
4295,neutral
4296,negative
4297,neutral
4298,neutral
4299,positive
4300,negative
4301,neutral
4302,neutral
4303,positive
4304,positive
4305,neutral
4306,neutral
4307,positive
4308,positive
4309,neutral
4310,neutral
4311,neutral
4312,negative
4313,neutral
4314,neutral
4315,neutral
4316,neutral
4317,neutral
4318,neutral
4319,negative
4320,negative
4321,neutral
4322,neutral
4323,neutral
4324,positive
4325,neutral
4326,negative
4327,positive
4328,positive
4329,positive
4330,negative
4331,positive
4332,neutral
4333,neutral
4334,neutral
4335,neutral
4336,neutral
4337,neutral
4338,positive
4339,positive
4340,positive
4341,neutral
4342,negative
4343,negative
4344,neutral
4345,neutral
4346,neutral
4347,neutral
4348,neutral
4349,positive
4350,positive
4351,negative
4352,neutral
4353,neutral
4354,neutral
4355,negative
4356,neutral
4357,positive
4358,positive
4359,positive
4360,positive
4361,neutral
4362,negative
4363,positive
4364,positive
4365,neutral
4366,negative
4367,negative
4368,negative
4369,positive
4370,positive
4371,neutral
4372,neutral
4373,positive
4374,negative
4375,positive
4376,neutral
4377,negative
4378,positive
4379,positive
4380,positive
4381,neutral
4382,positive
4383,neutral
4384,neutral
4385,neutral
4386,negative
4387,neutral
4388,neutral
4389,negative
4390,neutral
4391,neutral
4392,positive
4393,positive
4394,neutral
4395,neutral
4396,negative
4397,neutral
4398,positive
4399,positive
4400,negative
4401,negative
4402,positive
4403,positive
4404,positive
4405,positive
4406,positive
4407,negative
4408,neutral
4409,negative
4410,positive
4411,neutral
4412,neutral
4413,negative
4414,negative
4415,negative
4416,positive
4417,positive
4418,neutral
4419,neutral
4420,positive
4421,neutral
4422,positive
4423,positive
4424,negative
4425,negative
4426,neutral
4427,neutral
4428,neutral
4429,neutral
4430,negative
4431,neutral
4432,neutral
4433,neutral
4434,negative
4435,neutral
4436,neutral
4437,neutral
4438,positive
4439,positive
4440,neutral
4441,positive
4442,positive
4443,positive
4444,negative
4445,positive
4446,positive
4447,neutral
4448,positive
4449,neutral
4450,neutral
4451,negative
4452,positive
4453,negative
4454,negative
4455,neutral
4456,neutral
4457,positive
4458,negative
4459,neutral
4460,positive
4461,neutral
4462,neutral
4463,negative
4464,neutral
4465,positive
4466,positive
4467,positive
4468,neutral
4469,neutral
4470,neutral
4471,positive
4472,negative
4473,negative
4474,neutral
4475,positive
4476,neutral
4477,neutral
4478,neutral
4479,neutral
4480,neutral
4481,neutral
4482,neutral
4483,negative
4484,positive
4485,neutral
4486,positive
4487,positive
4488,positive
4489,positive
4490,neutral
4491,neutral
4492,neutral
4493,negative
4494,neutral
4495,positive
4496,neutral
4497,positive
4498,positive
4499,neutral
4500,neutral
4501,neutral
4502,neutral
4503,neutral
4504,positive
4505,neutral
4506,positive
4507,negative
4508,negative
4509,neutral
4510,negative
4511,negative
4512,positive
4513,neutral
4514,neutral
4515,neutral
4516,neutral
4517,negative
4518,neutral
4519,neutral
4520,negative
4521,neutral
4522,negative
4523,positive
4524,positive
4525,neutral
4526,positive
4527,negative
4528,neutral
4529,neutral
4530,neutral
4531,neutral
4532,neutral
4533,neutral
4534,neutral
4535,neutral
4536,neutral
4537,neutral
4538,positive
4539,neutral
4540,negative
4541,neutral
4542,positive
4543,positive
4544,positive
4545,neutral
4546,negative
4547,neutral
4548,negative
4549,negative
4550,negative
4551,neutral
4552,neutral
4553,positive
4554,positive
4555,negative
4556,neutral
4557,negative
4558,positive
4559,neutral
4560,positive
4561,negative
4562,negative
4563,positive
4564,neutral
4565,positive
4566,negative
4567,positive
4568,positive
4569,positive
4570,positive
4571,positive
4572,neutral
4573,neutral
4574,neutral
4575,neutral
4576,neutral
4577,positive
4578,positive
4579,positive
4580,positive
4581,neutral
4582,negative
4583,neutral
4584,neutral
4585,positive
4586,neutral
4587,neutral
4588,neutral
4589,neutral
4590,neutral
4591,neutral
4592,negative
4593,positive
4594,positive
4595,negative
4596,neutral
4597,neutral
4598,negative
4599,positive
4600,neutral
4601,positive
4602,neutral
4603,neutral
4604,neutral
4605,neutral
4606,neutral
4607,negative
4608,neutral
4609,neutral
4610,neutral
4611,neutral
4612,neutral
4613,neutral
4614,positive
4615,neutral
4616,neutral
4617,neutral
4618,positive
4619,neutral
4620,negative
4621,positive
4622,positive
4623,negative
4624,positive
4625,positive
4626,neutral
4627,neutral
4628,neutral
4629,positive
4630,neutral
4631,neutral
4632,neutral
4633,neutral
4634,positive
4635,positive
4636,positive
4637,negative
4638,neutral
4639,neutral
4640,positive
4641,neutral
4642,negative
4643,negative
4644,neutral
4645,negative
4646,positive
4647,neutral
4648,negative
4649,neutral
4650,neutral
4651,positive
4652,positive
4653,positive
4654,neutral
4655,neutral
4656,negative
4657,neutral
4658,positive
4659,neutral
4660,positive
4661,negative
4662,negative
4663,negative
4664,neutral
4665,positive
4666,positive
4667,neutral
4668,positive
4669,neutral
4670,negative
4671,positive
4672,neutral
4673,positive
4674,negative
4675,negative
4676,neutral
4677,negative
4678,negative
4679,neutral
4680,neutral
4681,positive
4682,positive
4683,negative
4684,negative
4685,positive
4686,positive
4687,neutral
4688,positive
4689,positive
4690,neutral
4691,positive
4692,positive
4693,positive
4694,neutral
4695,positive
4696,negative
4697,negative
4698,negative
4699,neutral
4700,neutral
4701,positive
4702,positive
4703,negative
4704,negative
4705,negative
4706,neutral
4707,positive
4708,negative
4709,neutral
4710,positive
4711,neutral
4712,neutral
4713,neutral
4714,neutral
4715,neutral
4716,negative
4717,neutral
4718,neutral
4719,positive
4720,neutral
4721,neutral
4722,neutral
4723,neutral
4724,positive
4725,neutral
4726,neutral
4727,neutral
4728,negative
4729,neutral
4730,neutral
4731,neutral
4732,positive
4733,neutral
4734,positive
4735,positive
4736,neutral
4737,positive
4738,positive
4739,negative
4740,negative
4741,neutral
4742,negative
4743,neutral
4744,negative
4745,neutral
4746,neutral
4747,neutral
4748,neutral
4749,positive
4750,neutral
4751,negative
4752,neutral
4753,neutral
4754,positive
4755,neutral
4756,negative
4757,negative
4758,positive
4759,neutral
4760,neutral
4761,neutral
4762,positive
4763,neutral
4764,positive
4765,positive
4766,neutral
4767,positive
4768,neutral
4769,neutral
4770,negative
4771,negative
4772,positive
4773,positive
4774,negative
4775,neutral
4776,positive
4777,neutral
4778,positive
4779,neutral
4780,neutral
4781,negative
4782,neutral
4783,negative
4784,negative
4785,neutral
4786,neutral
4787,positive
4788,neutral
4789,neutral
4790,positive
4791,neutral
4792,negative
4793,negative
4794,negative
4795,neutral
4796,negative
4797,neutral
4798,positive
4799,neutral
4800,neutral
4801,neutral
4802,neutral
4803,negative
4804,neutral
4805,neutral
4806,positive
4807,positive
4808,neutral
4809,neutral
4810,negative
4811,positive
4812,neutral
4813,neutral
4814,negative
4815,negative
4816,negative
4817,positive
4818,neutral
4819,neutral
4820,neutral
4821,negative
4822,positive
4823,neutral
4824,neutral
4825,positive
4826,negative
4827,positive
4828,negative
4829,positive
4830,neutral
4831,neutral
4832,positive
4833,neutral
4834,neutral
4835,neutral
4836,neutral
4837,neutral
4838,positive
4839,negative
4840,neutral
4841,negative
4842,neutral
4843,neutral
4844,neutral
4845,neutral
4846,neutral
4847,positive
4848,neutral
4849,neutral
4850,neutral
4851,negative
4852,neutral
4853,neutral
4854,neutral
4855,neutral
4856,positive
4857,negative
4858,positive
4859,positive
4860,positive
4861,positive
4862,neutral
4863,neutral
4864,negative
4865,positive
4866,negative
4867,positive
4868,negative
4869,positive
4870,neutral
4871,positive
4872,positive
4873,neutral
4874,positive
4875,neutral
4876,neutral
4877,positive
4878,neutral
4879,negative
4880,neutral
4881,positive
4882,positive
4883,positive
4884,negative
4885,neutral
4886,negative
4887,neutral
4888,neutral
4889,negative
4890,negative
4891,neutral
4892,neutral
4893,positive
4894,neutral
4895,negative
4896,neutral
4897,neutral
4898,neutral
4899,positive
4900,positive
4901,positive
4902,neutral
4903,negative
4904,neutral
4905,neutral
4906,neutral
4907,neutral
4908,positive
4909,neutral
4910,negative
4911,neutral
4912,negative
4913,neutral
4914,positive
4915,positive
4916,positive
4917,negative
4918,positive
4919,neutral
4920,neutral
4921,neutral
4922,neutral
4923,neutral
4924,positive
4925,neutral
4926,negative
4927,positive
4928,neutral
4929,neutral
4930,positive
4931,neutral
4932,negative
4933,neutral
4934,positive
4935,neutral
4936,positive
4937,neutral
4938,positive
4939,negative
4940,neutral
4941,neutral
4942,neutral
4943,positive
4944,positive
4945,neutral
4946,negative
4947,negative
4948,neutral
4949,positive
4950,positive
4951,neutral
4952,neutral
4953,positive
4954,positive
4955,positive
4956,neutral
4957,neutral
4958,positive
4959,positive
4960,neutral
4961,neutral
4962,positive
4963,neutral
4964,neutral
4965,neutral
4966,negative
4967,negative
4968,neutral
4969,neutral
4970,negative
4971,neutral
4972,positive
4973,negative
4974,negative
4975,negative
4976,neutral
4977,neutral
4978,positive
4979,negative
4980,negative
4981,positive
4982,neutral
4983,neutral
4984,positive
4985,neutral
4986,positive
4987,neutral
4988,positive
4989,positive
4990,positive
4991,neutral
4992,negative
4993,positive
4994,neutral
4995,positive
4996,neutral
4997,positive
4998,neutral
4999,neutral
