Row,Predicted
t0,negative
t3,neutral
t11,neutral
t7,positive
t6,negative
t1,neutral
t9,neutral
t14,neutral
t2,positive
t5,negative
t15,neutral
t13,neutral
t8,neutral
t17,positive
t19,negative
t22,neutral
t23,negative
t16,negative
t21,positive
t10,negative
t27,positive
t24,neutral
t29,positive
t35,neutral
t4,negative
t25,positive
t43,positive
t31,positive
t30,positive
t32,positive
t38,neutral
t33,positive
t12,negative
t41,neutral
t20,positive
t40,neutral
t46,negative
t39,positive
t18,negative
t37,negative
t54,positive
t48,positive
t28,positive
t45,negative
t56,positive
t51,positive
t62,neutral
t26,positive
t49,positive
t47,neutral
t64,neutral
t55,neutral
t59,negative
t57,neutral
t34,neutral
t72,neutral
t67,neutral
t63,positive
t65,positive
t75,positive
t36,positive
t42,positive
t80,positive
t70,neutral
t53,neutral
t61,negative
t81,neutral
t88,neutral
t50,negative
t71,neutral
t87,positive
t78,positive
t79,neutral
t58,neutral
t92,positive
t69,positive
t83,neutral
t66,positive
t84,negative
t44,negative
t74,neutral
t94,positive
t90,positive
t95,positive
t73,negative
t97,neutral
t52,positive
t89,positive
t77,positive
t85,neutral
t82,positive
t100,positive
t60,neutral
t98,neutral
t86,neutral
t93,negative
t68,positive
t91,neutral
t76,positive
t101,negative
t96,positive
t99,negative
t102,positive
t103,positive
t104,positive
t105,negative
t106,neutral
t107,neutral
t108,neutral
t109,positive
t110,neutral
t111,neutral
t112,positive
t113,neutral
t114,positive
t115,neutral
t116,positive
t117,neutral
t118,negative
t119,negative
t120,neutral
t121,positive
t122,positive
t123,positive
t124,positive
t125,positive
t126,neutral
t127,negative
t128,negative
t129,negative
t130,neutral
t131,positive
t132,positive
t133,positive
t134,negative
t135,negative
t136,negative
t137,positive
t138,negative
t139,positive
t140,neutral
t141,neutral
t142,positive
t143,positive
t144,neutral
t145,positive
t146,neutral
t147,neutral
t148,negative
t149,positive
t150,neutral
t151,neutral
t152,neutral
t153,positive
t154,neutral
t155,neutral
t156,neutral
t157,negative
t158,positive
t159,positive
t160,neutral
t161,positive
t162,neutral
t163,positive
t164,neutral
t165,neutral
t166,neutral
t167,positive
t168,neutral
t169,neutral
t170,neutral
t171,positive
t172,positive
t173,positive
t174,neutral
t175,neutral
t176,neutral
t177,neutral
t178,neutral
t179,negative
t180,positive
t181,negative
t182,neutral
t183,neutral
t184,neutral
t185,neutral
t186,positive
t187,negative
t188,neutral
t189,positive
t190,positive
t191,positive
t192,positive
t193,positive
t194,neutral
t195,neutral
t196,positive
t197,positive
t198,negative
t199,positive
t200,positive
t201,positive
t202,neutral
t203,neutral
t204,neutral
t205,positive
t206,neutral
t207,positive
t208,negative
t209,negative
t210,positive
t211,neutral
t212,positive
t213,negative
t214,neutral
t215,neutral
t216,neutral
t217,neutral
t218,positive
t219,positive
t220,neutral
t221,positive
t222,positive
t223,positive
t224,positive
t225,positive
t226,positive
t227,neutral
t228,neutral
t229,positive
t230,neutral
t231,neutral
t232,positive
t233,positive
t234,neutral
t235,neutral
t236,negative
t237,neutral
t238,negative
t239,neutral
t240,positive
t241,positive
t242,positive
t243,neutral
t244,negative
t245,positive
t246,neutral
t247,neutral
t248,positive
t249,neutral
t250,positive
t251,neutral
t252,neutral
t253,neutral
t254,positive
t255,neutral
t256,neutral
t257,neutral
t258,neutral
t259,neutral
t260,neutral
t261,neutral
t262,positive
t263,neutral
t264,neutral
t265,neutral
t266,neutral
t267,neutral
t268,positive
t269,positive
t270,neutral
t271,negative
t272,positive
t273,positive
t274,positive
t275,negative
t276,positive
t277,positive
t278,neutral
t279,positive
t280,positive
t281,positive
t282,negative
t283,neutral
t285,positive
t286,positive
t287,neutral
t284,neutral
t288,negative
t289,neutral
t290,neutral
t291,positive
t292,neutral
t293,positive
t294,neutral
t295,neutral
t296,negative
t297,neutral
t298,neutral
t299,positive
t300,neutral
t301,positive
t302,neutral
t303,positive
t304,positive
t305,neutral
t306,negative
t307,positive
t308,negative
t309,negative
t310,neutral
t311,neutral
t312,neutral
t313,positive
t314,neutral
t315,neutral
t316,positive
t317,positive
t318,neutral
t319,neutral
t320,negative
t321,negative
t322,positive
t323,positive
t324,neutral
t325,positive
t326,neutral
t327,neutral
t328,neutral
t329,neutral
t330,neutral
t331,neutral
t332,positive
t333,neutral
t334,neutral
t335,positive
t336,neutral
t337,neutral
t338,positive
t339,positive
t340,neutral
t341,positive
t342,neutral
t343,neutral
t344,neutral
t345,neutral
t346,neutral
t347,neutral
t348,neutral
t349,positive
t350,neutral
t351,positive
t352,neutral
t353,neutral
t354,neutral
t355,positive
t356,negative
t357,neutral
t358,negative
t359,neutral
t360,positive
t361,neutral
t362,neutral
t363,neutral
t364,negative
t365,neutral
t366,neutral
t367,neutral
t368,negative
t369,positive
t370,positive
t371,neutral
t372,positive
t373,positive
t374,positive
t375,neutral
t376,positive
t377,positive
t378,neutral
t379,neutral
t380,positive
t381,neutral
t382,neutral
t383,neutral
t384,neutral
t385,negative
t386,positive
t387,neutral
t388,neutral
t389,positive
t390,positive
t391,neutral
t392,neutral
t393,neutral
t394,neutral
t395,positive
t396,positive
t397,negative
t398,negative
t399,positive
t400,neutral
t401,neutral
t402,negative
t403,positive
t404,positive
t405,neutral
t407,neutral
t408,neutral
t406,negative
t409,positive
t410,positive
t411,positive
t412,positive
t413,positive
t414,positive
t415,neutral
t416,neutral
t417,positive
t418,positive
t419,neutral
t420,positive
t421,negative
t422,negative
t423,positive
t424,positive
t425,neutral
t426,neutral
t427,neutral
t428,neutral
t429,negative
t430,neutral
t431,neutral
t432,neutral
t433,neutral
t434,negative
t435,neutral
t436,positive
t437,positive
t438,neutral
t439,neutral
t440,positive
t441,negative
t442,positive
t443,neutral
t444,neutral
t445,neutral
t446,positive
t447,neutral
t448,neutral
t449,neutral
t450,neutral
t451,positive
t452,negative
t453,positive
t454,negative
t455,positive
t456,positive
t457,neutral
t458,positive
t459,neutral
t460,positive
t461,negative
t462,neutral
t463,neutral
t464,neutral
t465,neutral
t466,neutral
t467,positive
t468,neutral
t469,neutral
t470,neutral
t471,neutral
t472,positive
t473,neutral
t474,neutral
t475,neutral
t476,positive
t477,positive
t478,negative
t479,positive
t480,positive
t481,positive
t482,negative
t483,neutral
t484,positive
t485,negative
t486,neutral
t487,positive
t488,positive
t489,neutral
t490,neutral
t491,neutral
t492,neutral
t493,neutral
t494,positive
t495,negative
t496,neutral
t497,negative
t498,negative
t499,negative
t500,neutral
t501,negative
t502,neutral
t503,negative
t504,neutral
t505,positive
t506,positive
t507,negative
t508,positive
t509,negative
t510,neutral
t511,positive
t512,positive
t513,positive
t514,neutral
t515,positive
t516,neutral
t517,neutral
t518,positive
t519,positive
t520,neutral
t521,positive
t522,neutral
t523,positive
t524,negative
t525,positive
t526,neutral
t527,negative
t528,negative
t529,positive
t530,neutral
t531,neutral
t532,neutral
t533,negative
t534,neutral
t535,negative
t536,positive
t537,positive
t538,neutral
t539,neutral
t540,negative
t541,neutral
t542,positive
t543,positive
t544,neutral
t545,neutral
t546,positive
t547,negative
t548,positive
t549,neutral
t550,neutral
t551,negative
t552,positive
t553,neutral
t554,positive
t555,neutral
t556,positive
t557,negative
t558,neutral
t559,negative
t560,neutral
t561,negative
t562,positive
t563,positive
t564,neutral
t565,positive
t566,positive
t567,neutral
t568,neutral
t569,positive
t570,neutral
t571,negative
t572,negative
t573,positive
t574,neutral
t575,positive
t576,positive
t577,positive
t578,positive
t579,negative
t580,positive
t581,negative
t582,negative
t583,neutral
t584,positive
t585,neutral
t586,negative
t587,positive
t588,positive
t589,neutral
t590,negative
t591,neutral
t592,neutral
t593,neutral
t594,positive
t595,negative
t596,neutral
t597,neutral
t598,neutral
t599,positive
t600,neutral
t601,neutral
t602,positive
t603,positive
t604,neutral
t605,positive
t606,neutral
t607,positive
t608,neutral
t609,positive
t610,neutral
t611,neutral
t612,neutral
t613,negative
t614,positive
t615,positive
t616,neutral
t617,positive
t618,positive
t619,positive
t620,neutral
t621,negative
t622,negative
t623,neutral
t624,neutral
t625,neutral
t626,neutral
t627,positive
t628,negative
t629,positive
t630,positive
t631,negative
t632,positive
t633,neutral
t634,positive
t635,negative
t636,neutral
t637,neutral
t638,neutral
t639,positive
t640,neutral
t641,neutral
t642,negative
t643,positive
t644,positive
t645,positive
t646,positive
t647,negative
t648,neutral
t649,negative
t650,negative
t651,negative
t652,negative
t653,positive
t654,positive
t655,neutral
t656,neutral
t657,negative
t658,neutral
t659,negative
t660,neutral
t661,neutral
t662,positive
t663,positive
t664,neutral
t665,positive
t666,positive
t667,neutral
t668,neutral
t669,neutral
t670,positive
t671,positive
t672,neutral
t673,positive
t674,neutral
t675,negative
t676,negative
t677,positive
t678,positive
t679,negative
t680,positive
t681,neutral
t682,positive
t683,negative
t684,positive
t685,positive
t686,neutral
t687,neutral
t688,positive
t689,positive
t690,neutral
t691,negative
t692,positive
t693,positive
t694,positive
t695,positive
t696,negative
t697,negative
t698,positive
t699,negative
t700,neutral
t701,positive
t702,neutral
t703,neutral
t704,neutral
t705,neutral
t706,negative
t707,neutral
t708,neutral
t709,neutral
t710,negative
t711,neutral
t712,positive
t713,neutral
t714,positive
t715,neutral
t716,positive
t717,positive
t718,negative
t719,positive
t720,positive
t721,negative
t722,neutral
t723,negative
t724,positive
t725,negative
t726,negative
t727,positive
t728,positive
t729,positive
t730,neutral
t731,positive
t732,positive
t733,neutral
t734,positive
t735,positive
t736,neutral
t737,neutral
t738,positive
t739,neutral
t740,positive
t741,neutral
t742,positive
t743,neutral
t744,neutral
t745,positive
t746,positive
t747,positive
t748,positive
t749,negative
t750,positive
t751,neutral
t752,positive
t753,positive
t754,neutral
t755,positive
t756,negative
t757,positive
t758,negative
t759,positive
t760,neutral
t761,negative
t762,neutral
t763,positive
t764,positive
t765,neutral
t766,neutral
t767,positive
t768,negative
t769,neutral
t770,neutral
t771,neutral
t772,positive
t773,neutral
t774,positive
t775,positive
t776,neutral
t777,neutral
t778,neutral
t779,neutral
t780,neutral
t781,neutral
t782,neutral
t783,neutral
t784,neutral
t785,positive
t786,neutral
t787,negative
t788,negative
t789,neutral
t790,negative
t791,neutral
t792,negative
t793,neutral
t794,neutral
t795,positive
t796,positive
t797,neutral
t798,neutral
t799,negative
t800,neutral
t801,neutral
t802,positive
t803,positive
t804,positive
t805,negative
t806,negative
t807,negative
t808,positive
t809,neutral
t810,positive
t811,positive
t812,negative
t813,positive
t814,positive
t815,neutral
t816,neutral
t817,neutral
t818,neutral
t819,positive
t820,positive
t821,neutral
t822,positive
t823,positive
t824,neutral
t826,neutral
t825,positive
t827,neutral
t828,neutral
t829,positive
t830,neutral
t831,neutral
t832,positive
t833,neutral
t834,neutral
t835,negative
t836,positive
t838,neutral
t837,negative
t839,positive
t840,positive
t841,positive
t842,positive
t843,neutral
t845,positive
t844,negative
t846,negative
t847,neutral
t848,positive
t849,positive
t850,negative
t851,neutral
t852,neutral
t853,neutral
t854,neutral
t855,positive
t856,neutral
t857,positive
t858,negative
t859,neutral
t860,neutral
t861,positive
t862,positive
t863,neutral
t864,neutral
t865,positive
t866,neutral
t867,neutral
t868,positive
t869,positive
t870,neutral
t871,positive
t872,neutral
t873,positive
t874,neutral
t875,positive
t876,neutral
t877,neutral
t878,neutral
t879,negative
t880,neutral
t881,positive
t882,positive
t883,negative
t884,neutral
t885,neutral
t886,neutral
t887,neutral
t888,negative
t889,neutral
t890,neutral
t891,negative
t892,neutral
t893,negative
t894,positive
t895,neutral
t896,negative
t897,neutral
t898,positive
t899,negative
t900,negative
t901,positive
t902,positive
t903,positive
t904,positive
t905,neutral
t906,neutral
t907,neutral
t908,neutral
t909,neutral
t910,neutral
t911,positive
t912,neutral
t913,negative
t914,positive
t915,negative
t916,negative
t917,neutral
t918,neutral
t919,negative
t920,neutral
t921,negative
t922,negative
t923,neutral
t924,positive
t925,positive
t926,neutral
t927,neutral
t928,positive
t929,neutral
t930,positive
t931,negative
t932,neutral
t933,positive
t934,neutral
t935,neutral
t936,neutral
t937,neutral
t938,neutral
t939,positive
t940,negative
t941,negative
t942,neutral
t943,positive
t944,neutral
t945,neutral
t946,positive
t947,neutral
t948,positive
t950,neutral
t951,positive
t949,negative
t952,positive
t953,neutral
t954,neutral
t955,neutral
t956,negative
t957,positive
t958,neutral
t959,positive
t960,negative
t961,neutral
t962,negative
t963,positive
t964,positive
t965,positive
t966,neutral
t967,negative
t968,neutral
t969,positive
t970,neutral
t971,neutral
t972,positive
t973,positive
t974,positive
t975,positive
t976,positive
t977,positive
t978,negative
t979,positive
t980,negative
t981,neutral
t982,negative
t983,positive
t985,neutral
t984,negative
t986,neutral
t987,positive
t988,positive
t989,neutral
t990,negative
t991,positive
t992,neutral
t993,neutral
t994,positive
t995,negative
t996,positive
t997,negative
t998,negative
t999,negative
t1000,negative
t1001,positive
t1002,neutral
t1003,negative
t1004,positive
t1005,positive
t1006,positive
t1007,positive
t1008,negative
t1009,positive
t1010,positive
t1011,negative
t1012,positive
t1013,positive
t1014,positive
t1015,positive
t1016,positive
t1017,negative
t1018,neutral
t1019,neutral
t1020,neutral
t1021,positive
t1022,negative
t1023,negative
t1024,positive
t1025,positive
t1026,neutral
t1027,positive
t1028,negative
t1029,negative
t1030,positive
t1031,positive
t1032,neutral
t1033,neutral
t1034,neutral
t1035,positive
t1036,neutral
t1037,positive
t1038,neutral
t1039,neutral
t1040,neutral
t1041,neutral
t1042,positive
t1043,neutral
t1044,positive
t1045,neutral
t1046,positive
t1047,negative
t1048,negative
t1049,positive
t1050,neutral
t1051,positive
t1052,negative
t1053,neutral
t1054,neutral
t1055,positive
t1056,negative
t1057,neutral
t1058,neutral
t1059,neutral
t1060,positive
t1061,negative
t1062,positive
t1063,negative
t1064,positive
t1065,positive
t1066,positive
t1067,positive
t1068,neutral
t1069,neutral
t1070,positive
t1071,neutral
t1072,neutral
t1073,negative
t1074,positive
t1075,neutral
t1076,neutral
t1077,neutral
t1078,negative
t1079,positive
t1080,neutral
t1081,neutral
t1082,negative
t1083,neutral
t1084,positive
t1085,neutral
t1086,positive
t1087,neutral
t1088,positive
t1089,neutral
t1090,neutral
t1091,neutral
t1092,positive
t1093,negative
t1095,neutral
t1096,neutral
t1094,negative
t1097,positive
t1098,positive
t1099,negative
t1100,positive
t1101,neutral
t1102,positive
t1103,positive
t1104,positive
t1105,positive
t1106,negative
t1107,negative
t1108,positive
t1109,negative
t1110,negative
t1111,positive
t1112,neutral
t1113,negative
t1114,neutral
t1115,neutral
t1116,positive
t1117,neutral
t1118,neutral
t1119,neutral
t1120,neutral
t1121,negative
t1122,negative
t1123,positive
t1124,neutral
t1125,negative
t1126,neutral
t1127,negative
t1128,neutral
t1129,positive
t1130,positive
t1131,neutral
t1132,positive
t1133,positive
t1134,negative
t1135,negative
t1136,negative
t1137,negative
t1138,positive
t1139,positive
t1140,neutral
t1141,neutral
t1142,negative
t1143,negative
t1144,neutral
t1145,neutral
t1147,positive
t1148,negative
t1146,neutral
t1149,negative
t1150,neutral
t1151,negative
t1152,negative
t1153,neutral
t1154,negative
t1155,neutral
t1156,positive
t1157,neutral
t1158,negative
t1159,neutral
t1160,neutral
t1161,negative
t1162,neutral
t1163,positive
t1164,positive
t1165,neutral
t1166,neutral
t1167,positive
t1169,neutral
t1168,neutral
t1171,neutral
t1170,positive
t1172,positive
t1173,positive
t1174,neutral
t1175,neutral
t1176,positive
t1177,neutral
t1178,positive
t1179,negative
t1180,negative
t1181,negative
t1182,neutral
t1183,positive
t1184,neutral
t1185,neutral
t1186,neutral
t1187,neutral
t1188,neutral
t1189,positive
t1190,positive
t1191,neutral
t1192,positive
t1193,neutral
t1194,positive
t1195,positive
t1196,negative
t1197,positive
t1198,neutral
t1199,negative
t1200,neutral
t1201,positive
t1202,positive
t1203,neutral
t1204,neutral
t1205,positive
t1206,neutral
t1207,positive
t1208,positive
t1209,negative
t1210,positive
t1211,positive
t1212,positive
t1213,neutral
t1214,neutral
t1215,neutral
t1216,neutral
t1217,neutral
t1218,negative
t1219,positive
t1220,neutral
t1221,neutral
t1222,neutral
t1223,negative
t1224,neutral
t1225,positive
t1226,positive
t1227,positive
t1228,negative
t1229,positive
t1230,neutral
t1231,positive
t1232,neutral
t1233,neutral
t1234,positive
t1235,positive
t1236,negative
t1237,positive
t1238,neutral
t1239,positive
t1240,neutral
t1241,positive
t1242,positive
t1243,neutral
t1244,neutral
t1245,positive
t1246,positive
t1248,negative
t1249,neutral
t1247,negative
t1250,positive
t1251,negative
t1252,positive
t1253,positive
t1254,neutral
t1255,positive
t1257,neutral
t1256,negative
t1258,positive
t1259,neutral
t1260,positive
t1261,neutral
t1262,neutral
t1263,neutral
t1264,positive
t1265,neutral
t1266,neutral
t1267,negative
t1268,positive
t1269,neutral
t1270,neutral
t1271,neutral
t1272,positive
t1273,neutral
t1274,neutral
t1275,positive
t1276,positive
t1277,neutral
t1278,neutral
t1279,negative
t1280,positive
t1281,positive
t1282,neutral
t1283,neutral
t1284,neutral
t1285,neutral
t1286,negative
t1287,positive
t1288,neutral
t1289,positive
t1290,neutral
t1291,negative
t1292,neutral
t1293,positive
t1294,negative
t1295,neutral
t1296,positive
t1297,neutral
t1298,negative
t1299,positive
t1300,neutral
t1301,neutral
t1302,neutral
t1303,neutral
t1304,positive
t1305,neutral
t1306,neutral
t1307,neutral
t1308,neutral
t1309,neutral
t1310,neutral
t1311,neutral
t1312,neutral
t1313,negative
t1314,neutral
t1315,neutral
t1316,positive
t1317,negative
t1318,positive
t1319,negative
t1320,negative
t1321,neutral
t1322,neutral
t1323,neutral
t1324,negative
t1325,positive
t1326,neutral
t1327,negative
t1328,negative
t1329,neutral
t1330,positive
t1331,negative
t1332,neutral
t1333,negative
t1334,neutral
t1335,negative
t1336,neutral
t1337,neutral
t1338,positive
t1339,neutral
t1340,neutral
t1341,positive
t1342,positive
t1343,neutral
t1344,neutral
t1345,neutral
t1346,neutral
t1347,positive
t1348,neutral
t1349,neutral
t1350,neutral
t1351,neutral
t1352,positive
t1353,neutral
t1354,negative
t1355,neutral
t1356,neutral
t1357,positive
t1358,neutral
t1360,neutral
t1361,positive
t1362,neutral
t1363,neutral
t1359,negative
t1364,neutral
t1365,neutral
t1366,positive
t1367,neutral
t1368,neutral
t1369,positive
t1370,neutral
t1371,positive
t1372,neutral
t1373,negative
t1374,positive
t1375,negative
t1376,neutral
t1377,positive
t1378,neutral
t1379,positive
t1380,neutral
t1381,neutral
t1382,neutral
t1383,neutral
t1384,neutral
t1385,neutral
t1386,positive
t1387,neutral
t1388,positive
t1389,positive
t1390,neutral
t1391,positive
t1392,positive
t1393,neutral
t1394,neutral
t1395,neutral
t1396,neutral
t1397,neutral
t1398,positive
t1399,positive
t1400,neutral
t1401,neutral
t1402,neutral
t1403,positive
t1404,positive
t1405,negative
t1406,negative
t1407,positive
t1408,neutral
t1409,neutral
t1410,neutral
t1411,negative
t1412,neutral
t1413,neutral
t1414,neutral
t1415,neutral
t1416,neutral
t1417,neutral
t1418,neutral
t1419,neutral
t1420,positive
t1421,neutral
t1422,neutral
t1423,neutral
t1424,positive
t1425,neutral
t1426,negative
t1427,neutral
t1428,negative
t1429,positive
t1430,neutral
t1431,positive
t1432,positive
t1433,positive
t1434,positive
t1435,neutral
t1436,neutral
t1437,neutral
t1438,positive
t1439,neutral
t1440,neutral
t1441,neutral
t1442,positive
t1443,neutral
t1444,neutral
t1445,neutral
t1446,positive
t1447,positive
t1448,neutral
t1449,neutral
t1450,neutral
t1451,neutral
t1452,neutral
t1453,neutral
t1454,positive
t1455,positive
t1456,neutral
t1457,negative
t1458,positive
t1459,positive
t1460,negative
t1461,neutral
t1462,neutral
t1463,neutral
t1464,neutral
t1465,neutral
t1466,neutral
t1467,neutral
t1468,neutral
t1469,neutral
t1470,neutral
t1471,neutral
t1472,negative
t1473,neutral
t1474,neutral
t1475,neutral
t1476,neutral
t1477,neutral
t1478,negative
t1479,neutral
t1480,positive
t1481,neutral
t1482,neutral
t1483,neutral
t1484,neutral
t1485,positive
t1486,negative
t1487,neutral
t1488,neutral
t1489,neutral
t1491,negative
t1490,neutral
t1492,negative
t1493,neutral
t1494,positive
t1495,positive
t1496,neutral
t1497,neutral
t1498,positive
t1499,neutral
t1500,positive
t1501,positive
t1502,positive
t1503,positive
t1504,positive
t1505,negative
t1506,neutral
t1507,neutral
t1508,negative
t1509,negative
t1510,positive
t1511,neutral
t1512,neutral
t1513,neutral
t1514,neutral
t1515,positive
t1516,neutral
t1517,positive
t1518,positive
t1519,positive
t1520,positive
t1521,positive
t1522,neutral
t1523,neutral
t1524,neutral
t1525,positive
t1526,negative
t1527,neutral
t1528,positive
t1529,neutral
t1530,neutral
t1531,neutral
t1532,positive
t1533,neutral
t1534,neutral
t1535,positive
t1536,positive
t1537,neutral
t1538,neutral
t1539,neutral
t1540,positive
t1541,negative
t1542,negative
t1543,negative
t1544,positive
t1545,neutral
t1546,positive
t1547,neutral
t1548,neutral
t1549,neutral
t1550,positive
t1551,neutral
t1552,negative
t1553,positive
t1554,positive
t1555,positive
t1556,positive
t1557,positive
t1558,neutral
t1559,neutral
t1560,positive
t1561,negative
t1562,positive
t1563,positive
t1564,neutral
t1565,neutral
t1566,positive
t1567,neutral
t1568,positive
t1569,neutral
t1570,neutral
t1571,neutral
t1572,negative
t1573,positive
t1574,positive
t1575,neutral
t1576,negative
t1577,positive
t1578,negative
t1579,neutral
t1580,negative
t1581,neutral
t1582,neutral
t1583,negative
t1584,positive
t1585,positive
t1586,negative
t1587,neutral
t1588,neutral
t1589,positive
t1590,positive
t1591,neutral
t1592,neutral
t1594,neutral
t1593,neutral
t1595,neutral
t1596,neutral
t1597,neutral
t1598,neutral
t1599,neutral
t1600,neutral
t1601,positive
t1602,neutral
t1603,negative
t1604,negative
t1605,neutral
t1606,neutral
t1607,neutral
t1608,negative
t1609,negative
t1610,neutral
t1611,positive
t1612,neutral
t1613,neutral
t1614,neutral
t1615,neutral
t1616,positive
t1617,neutral
t1618,positive
t1619,neutral
t1620,neutral
t1621,neutral
t1622,positive
t1623,neutral
t1624,neutral
t1625,neutral
t1626,positive
t1627,neutral
t1628,negative
t1629,positive
t1630,positive
t1631,neutral
t1632,positive
t1633,positive
t1634,negative
t1635,neutral
t1636,positive
t1637,neutral
t1638,neutral
t1639,positive
t1640,neutral
t1641,neutral
t1642,neutral
t1643,positive
t1644,neutral
t1645,neutral
t1646,positive
t1647,positive
t1648,neutral
t1649,negative
t1650,negative
t1651,neutral
t1652,positive
t1653,neutral
t1654,positive
t1655,neutral
t1656,neutral
t1657,neutral
t1658,positive
t1659,neutral
t1660,neutral
t1661,negative
t1662,positive
t1663,positive
t1664,positive
t1665,neutral
t1666,neutral
t1667,positive
t1668,negative
t1669,neutral
t1670,negative
t1671,neutral
t1672,neutral
t1673,neutral
t1674,positive
t1675,neutral
t1676,neutral
t1677,positive
t1678,neutral
t1679,negative
t1680,positive
t1681,neutral
t1682,neutral
t1683,negative
t1684,positive
t1685,positive
t1686,positive
t1687,neutral
t1688,neutral
t1689,neutral
t1690,negative
t1691,neutral
t1692,neutral
t1693,neutral
t1694,neutral
t1695,neutral
t1696,positive
t1697,neutral
t1698,negative
t1699,positive
t1700,negative
t1701,neutral
t1702,neutral
t1703,positive
t1704,neutral
t1705,positive
t1706,neutral
t1707,positive
t1708,neutral
t1709,neutral
t1710,neutral
t1711,positive
t1712,negative
t1713,negative
t1714,neutral
t1715,positive
t1716,neutral
t1717,positive
t1718,neutral
t1719,neutral
t1720,negative
t1721,neutral
t1722,neutral
t1723,positive
t1724,positive
t1725,neutral
t1726,neutral
t1727,neutral
t1728,neutral
t1729,neutral
t1730,neutral
t1731,positive
t1732,positive
t1733,neutral
t1734,neutral
t1735,neutral
t1736,positive
t1737,neutral
t1738,negative
t1739,neutral
t1740,neutral
t1741,neutral
t1742,positive
t1743,positive
t1744,neutral
t1745,negative
t1746,neutral
t1747,negative
t1748,positive
t1749,positive
t1750,neutral
t1751,neutral
t1752,neutral
t1753,neutral
t1754,neutral
t1755,neutral
t1756,neutral
t1757,neutral
t1758,positive
t1759,negative
t1760,negative
t1761,positive
t1762,neutral
t1763,positive
t1764,negative
t1765,neutral
t1766,positive
t1767,neutral
t1768,negative
t1769,neutral
t1770,positive
t1771,positive
t1772,positive
t1773,neutral
t1774,neutral
t1775,neutral
t1776,neutral
t1777,neutral
t1778,neutral
t1779,positive
t1780,negative
t1781,neutral
t1782,negative
t1783,neutral
t1784,neutral
t1785,neutral
t1786,neutral
t1787,positive
t1788,neutral
t1789,positive
t1790,positive
t1791,neutral
t1792,neutral
t1793,neutral
t1794,neutral
t1795,positive
t1796,positive
t1797,neutral
t1798,neutral
t1799,neutral
t1800,neutral
t1801,neutral
t1802,positive
t1803,neutral
t1804,neutral
t1805,neutral
t1806,negative
t1807,neutral
t1808,positive
t1809,neutral
t1810,positive
t1811,neutral
t1812,positive
t1813,neutral
t1814,neutral
t1815,neutral
t1816,positive
t1817,positive
t1818,neutral
t1819,neutral
t1821,neutral
t1820,neutral
t1822,positive
t1823,negative
t1824,negative
t1825,neutral
t1826,neutral
t1827,neutral
t1828,neutral
t1829,negative
t1830,neutral
t1831,neutral
t1832,neutral
t1833,neutral
t1834,negative
t1835,neutral
t1836,positive
t1837,neutral
t1838,neutral
t1839,neutral
t1840,neutral
t1841,neutral
t1842,neutral
t1843,positive
t1844,neutral
t1845,neutral
t1846,positive
t1847,neutral
t1848,neutral
t1849,neutral
t1850,positive
t1851,neutral
t1852,neutral
t1853,neutral
t1854,neutral
t1855,neutral
t1856,neutral
t1857,neutral
t1858,negative
t1859,neutral
t1860,neutral
t1861,neutral
t1862,negative
t1863,positive
t1864,neutral
t1865,positive
t1866,negative
t1867,positive
t1868,neutral
t1869,neutral
t1870,neutral
t1871,positive
t1872,positive
t1873,positive
t1874,positive
t1875,neutral
t1876,positive
t1877,neutral
t1878,neutral
t1879,neutral
t1880,positive
t1881,neutral
t1882,positive
t1883,positive
t1884,positive
t1885,neutral
t1886,neutral
t1887,negative
t1888,positive
t1889,positive
t1890,neutral
t1891,neutral
t1892,negative
t1893,neutral
t1894,neutral
t1895,negative
t1896,positive
t1897,positive
t1898,neutral
t1899,neutral
t1900,neutral
t1901,neutral
t1902,positive
t1903,negative
t1904,neutral
t1905,negative
t1906,neutral
t1907,neutral
t1908,neutral
t1909,neutral
t1910,neutral
t1911,neutral
t1912,positive
t1913,neutral
t1914,neutral
t1915,neutral
t1916,negative
t1917,neutral
t1918,neutral
t1919,neutral
t1920,positive
t1921,neutral
t1922,neutral
t1923,neutral
t1924,positive
t1925,positive
t1926,neutral
t1927,positive
t1928,neutral
t1929,neutral
t1930,neutral
t1931,neutral
t1932,negative
t1933,neutral
t1934,neutral
t1935,neutral
t1936,positive
t1937,neutral
t1938,neutral
t1939,neutral
t1940,neutral
t1942,neutral
t1941,neutral
t1943,neutral
t1944,neutral
t1945,negative
t1946,neutral
t1947,neutral
t1948,neutral
t1949,neutral
t1950,neutral
t1951,neutral
t1952,negative
t1953,neutral
t1954,positive
t1955,neutral
t1956,positive
t1957,neutral
t1958,positive
t1959,positive
t1960,negative
t1961,neutral
t1962,positive
t1963,neutral
t1964,positive
t1965,positive
t1966,neutral
t1967,negative
t1968,neutral
t1969,positive
t1970,neutral
t1971,neutral
t1972,neutral
t1973,neutral
t1974,neutral
t1975,positive
t1976,neutral
t1977,negative
t1978,neutral
t1979,neutral
t1980,neutral
t1981,neutral
t1982,neutral
t1983,neutral
t1984,neutral
t1985,positive
t1986,neutral
t1987,neutral
t1988,neutral
t1989,neutral
t1990,neutral
t1991,neutral
t1992,neutral
t1993,positive
t1994,positive
t1995,neutral
t1996,neutral
t1997,positive
t1998,neutral
t1999,negative
t2000,positive
t2001,neutral
t2002,neutral
t2003,neutral
t2004,neutral
t2005,negative
t2006,positive
t2007,negative
t2008,negative
t2009,positive
t2010,neutral
t2011,neutral
t2012,neutral
t2013,neutral
t2014,neutral
t2015,neutral
t2016,neutral
t2017,neutral
t2018,neutral
t2019,positive
t2020,neutral
t2021,neutral
t2022,positive
t2023,negative
t2024,neutral
t2025,neutral
t2026,neutral
t2027,neutral
t2028,positive
t2029,positive
t2030,neutral
t2031,positive
t2032,negative
t2033,positive
t2034,neutral
t2035,neutral
t2036,neutral
t2037,neutral
t2038,negative
t2039,positive
t2040,neutral
t2041,neutral
t2042,neutral
t2043,neutral
t2044,neutral
t2045,positive
t2046,neutral
t2047,positive
t2048,positive
t2049,positive
t2050,negative
t2051,neutral
t2052,neutral
t2053,neutral
t2054,neutral
t2055,positive
t2056,positive
t2057,neutral
t2058,neutral
t2059,positive
t2060,neutral
t2061,neutral
t2062,positive
t2063,positive
t2064,neutral
t2065,neutral
t2066,neutral
t2067,neutral
t2068,positive
t2069,neutral
t2070,neutral
t2071,positive
t2072,neutral
t2073,neutral
t2074,neutral
t2075,positive
t2076,negative
t2077,neutral
t2078,positive
t2079,neutral
t2080,neutral
t2081,positive
t2082,negative
t2083,positive
t2084,neutral
t2085,neutral
t2086,neutral
t2087,positive
t2088,neutral
t2089,negative
t2090,neutral
t2091,neutral
t2092,positive
t2093,positive
t2094,neutral
t2095,positive
t2096,positive
t2097,neutral
t2098,neutral
t2099,neutral
t2100,positive
t2101,neutral
t2102,positive
t2103,neutral
t2104,negative
t2105,neutral
t2106,positive
t2107,positive
t2108,positive
t2109,neutral
t2110,neutral
t2111,positive
t2112,neutral
t2113,negative
t2114,neutral
t2115,neutral
t2116,negative
t2117,neutral
t2118,neutral
t2119,negative
t2120,positive
t2121,neutral
t2122,neutral
t2123,negative
t2124,positive
t2125,neutral
t2126,neutral
t2127,neutral
t2128,neutral
t2129,positive
t2130,neutral
t2131,neutral
t2132,neutral
t2133,neutral
t2134,neutral
t2135,neutral
t2136,neutral
t2137,positive
t2138,negative
t2139,neutral
t2140,positive
t2141,neutral
t2142,neutral
t2144,neutral
t2143,neutral
t2145,negative
t2146,neutral
t2147,positive
t2148,neutral
t2149,neutral
t2150,neutral
t2151,neutral
t2152,neutral
t2153,positive
t2154,positive
t2155,neutral
t2156,neutral
t2157,neutral
t2158,negative
t2159,positive
t2160,neutral
t2161,neutral
t2162,positive
t2163,neutral
t2164,neutral
t2165,neutral
t2166,neutral
t2167,neutral
t2168,positive
t2169,neutral
t2170,neutral
t2171,negative
t2172,neutral
t2173,neutral
t2174,negative
t2175,positive
t2176,positive
t2177,positive
t2178,neutral
t2179,positive
t2180,positive
t2181,neutral
t2182,neutral
t2183,neutral
t2184,neutral
t2185,neutral
t2186,positive
t2187,neutral
t2188,neutral
t2189,positive
t2190,neutral
t2191,neutral
t2192,positive
t2193,neutral
t2194,negative
t2195,neutral
t2196,positive
t2197,positive
t2198,negative
t2199,neutral
t2200,neutral
t2201,positive
t2202,neutral
t2203,positive
t2204,neutral
t2205,neutral
t2206,positive
t2207,positive
t2208,neutral
t2209,positive
t2210,positive
t2211,neutral
t2212,neutral
t2213,positive
t2214,neutral
t2215,neutral
t2216,negative
t2217,neutral
t2218,neutral
t2219,negative
t2220,neutral
t2221,positive
t2222,positive
t2223,neutral
t2224,neutral
t2225,positive
t2226,positive
t2228,negative
t2227,positive
t2229,positive
t2230,positive
t2231,neutral
t2232,neutral
t2233,positive
t2234,neutral
t2235,neutral
t2236,positive
t2237,neutral
t2238,neutral
t2239,neutral
t2240,neutral
t2241,neutral
t2242,positive
t2243,neutral
t2244,neutral
t2245,positive
t2246,neutral
t2247,positive
t2248,positive
t2249,neutral
t2250,positive
t2251,positive
t2252,positive
t2253,neutral
t2254,neutral
t2255,positive
t2256,positive
t2257,neutral
t2258,positive
t2259,neutral
t2260,positive
t2261,negative
t2262,neutral
t2263,negative
t2264,neutral
t2265,neutral
t2266,neutral
t2267,positive
t2268,neutral
t2269,neutral
t2270,positive
t2271,neutral
t2272,positive
t2273,positive
t2274,neutral
t2275,positive
t2276,neutral
t2277,neutral
t2278,positive
t2279,positive
t2280,positive
t2281,positive
t2282,negative
t2283,neutral
t2284,positive
t2285,neutral
t2286,neutral
t2287,neutral
t2288,neutral
t2289,neutral
t2291,neutral
t2292,negative
t2290,neutral
t2293,neutral
t2294,neutral
t2295,negative
t2296,neutral
t2297,neutral
t2299,positive
t2300,neutral
t2298,neutral
t2301,negative
t2302,neutral
t2303,neutral
t2304,neutral
t2305,neutral
t2306,neutral
t2307,neutral
t2308,negative
t2309,neutral
t2310,neutral
t2311,neutral
t2312,neutral
t2313,neutral
t2314,neutral
t2315,neutral
t2316,negative
t2317,positive
t2318,neutral
t2319,neutral
t2320,positive
t2321,positive
t2322,neutral
t2323,positive
t2324,positive
t2325,positive
t2326,neutral
t2327,positive
t2328,negative
t2329,neutral
t2330,positive
t2331,neutral
t2332,neutral
t2333,neutral
t2334,neutral
t2335,neutral
t2336,neutral
t2337,neutral
t2338,positive
t2339,neutral
t2340,neutral
t2341,negative
t2342,neutral
t2343,neutral
t2344,neutral
t2345,positive
t2346,neutral
t2347,positive
t2348,positive
t2349,neutral
t2350,negative
t2351,neutral
t2352,neutral
t2353,negative
t2354,negative
t2355,neutral
t2356,neutral
t2357,positive
t2358,neutral
t2359,neutral
t2360,neutral
t2361,neutral
t2362,positive
t2363,negative
t2364,neutral
t2365,neutral
t2366,neutral
t2367,neutral
t2368,neutral
t2369,negative
t2370,positive
t2371,negative
t2372,positive
t2373,neutral
t2374,neutral
t2375,neutral
t2376,negative
t2377,neutral
t2378,neutral
t2379,neutral
t2380,neutral
t2381,neutral
t2382,neutral
t2383,positive
t2384,positive
t2385,neutral
t2386,negative
t2387,negative
t2388,negative
t2389,neutral
t2390,neutral
t2391,positive
t2392,positive
t2393,neutral
t2394,negative
t2395,positive
t2396,neutral
t2397,negative
t2398,neutral
t2399,neutral
t2400,positive
t2401,neutral
t2402,neutral
t2403,neutral
t2404,neutral
t2405,neutral
t2406,positive
t2407,positive
t2408,neutral
t2409,positive
t2410,negative
t2411,negative
t2412,neutral
t2413,neutral
t2414,positive
t2415,neutral
t2416,neutral
t2417,neutral
t2418,neutral
t2419,neutral
t2420,neutral
t2421,positive
t2422,neutral
t2423,neutral
t2424,negative
t2425,neutral
t2426,neutral
t2427,positive
t2428,neutral
t2429,positive
t2430,neutral
t2431,neutral
t2432,negative
t2433,neutral
t2434,negative
t2435,neutral
t2436,positive
t2437,neutral
t2438,neutral
t2439,positive
t2440,neutral
t2441,neutral
t2442,positive
t2443,neutral
t2444,neutral
t2445,neutral
t2446,positive
t2447,neutral
t2448,neutral
t2449,neutral
t2450,negative
t2451,neutral
t2452,neutral
t2453,neutral
t2454,positive
t2455,neutral
t2456,neutral
t2457,negative
t2458,positive
t2459,neutral
t2460,positive
t2461,neutral
t2462,neutral
t2463,positive
t2464,neutral
t2465,positive
t2466,positive
t2467,neutral
t2468,positive
t2469,neutral
t2470,neutral
t2471,positive
t2472,neutral
t2473,negative
t2474,neutral
t2475,neutral
t2476,neutral
t2477,positive
t2478,neutral
t2479,neutral
t2480,neutral
t2481,neutral
t2482,neutral
t2483,neutral
t2484,neutral
t2485,neutral
t2486,neutral
t2487,positive
t2488,neutral
t2489,neutral
t2490,positive
t2491,neutral
t2492,neutral
t2493,negative
t2494,negative
t2495,negative
t2496,neutral
t2497,neutral
t2498,neutral
t2499,positive
t2500,negative
t2501,positive
t2502,neutral
t2503,neutral
t2504,neutral
t2505,positive
t2506,neutral
t2507,neutral
t2508,neutral
t2509,neutral
t2510,positive
t2511,neutral
t2512,neutral
t2513,negative
t2514,neutral
t2515,neutral
t2516,positive
t2517,positive
t2518,negative
t2519,neutral
t2520,neutral
t2521,positive
t2522,neutral
t2523,positive
t2524,positive
t2525,neutral
t2526,positive
t2527,neutral
t2528,neutral
t2529,neutral
t2530,neutral
t2531,neutral
t2532,neutral
t2533,neutral
t2534,positive
t2535,neutral
t2536,positive
t2537,neutral
t2538,neutral
t2539,neutral
t2540,positive
t2541,neutral
t2542,neutral
t2543,neutral
t2544,positive
t2545,positive
t2546,neutral
t2547,neutral
t2548,neutral
t2549,neutral
t2550,positive
t2551,neutral
t2552,positive
t2553,positive
t2554,positive
t2555,neutral
t2556,negative
t2557,neutral
t2558,positive
t2559,positive
t2560,positive
t2561,negative
t2562,negative
t2563,neutral
t2564,negative
t2565,neutral
t2566,negative
t2567,neutral
t2568,neutral
t2569,positive
t2570,neutral
t2571,positive
t2572,negative
t2573,neutral
t2574,positive
t2575,neutral
t2576,neutral
t2577,positive
t2578,neutral
t2579,neutral
t2580,neutral
t2581,neutral
t2582,neutral
t2583,positive
t2584,neutral
t2585,neutral
t2586,positive
t2587,positive
t2588,neutral
t2589,neutral
t2590,neutral
t2591,negative
t2592,neutral
t2593,negative
t2594,neutral
t2595,positive
t2596,negative
t2597,negative
t2598,positive
t2599,positive
t2600,neutral
t2601,neutral
t2602,neutral
t2603,neutral
t2604,positive
t2605,positive
t2606,negative
t2607,positive
t2608,positive
t2609,neutral
t2610,neutral
t2611,neutral
t2612,negative
t2613,positive
t2614,neutral
t2615,positive
t2616,negative
t2617,negative
t2618,neutral
t2619,neutral
t2620,neutral
t2621,positive
t2622,neutral
t2623,neutral
t2624,neutral
t2625,positive
t2626,neutral
t2627,positive
t2628,neutral
t2629,neutral
t2630,neutral
t2631,positive
t2632,neutral
t2633,neutral
t2634,neutral
t2635,positive
t2636,neutral
t2637,neutral
t2638,neutral
t2639,negative
t2640,neutral
t2641,neutral
t2642,positive
t2643,neutral
t2644,neutral
t2645,neutral
t2646,negative
t2647,positive
t2648,neutral
t2649,neutral
t2650,positive
t2651,positive
t2652,neutral
t2653,neutral
t2654,positive
t2655,neutral
t2656,neutral
t2657,negative
t2658,neutral
t2659,neutral
t2660,neutral
t2661,negative
t2662,neutral
t2663,neutral
t2664,positive
t2665,positive
t2666,neutral
t2667,neutral
t2668,neutral
t2669,negative
t2670,neutral
t2671,neutral
t2672,neutral
t2673,neutral
t2674,positive
t2675,neutral
t2676,neutral
t2677,neutral
t2678,positive
t2679,positive
t2680,neutral
t2681,positive
t2682,negative
t2683,neutral
t2684,neutral
t2685,positive
t2686,neutral
t2687,neutral
t2688,neutral
t2689,neutral
t2690,negative
t2691,neutral
t2692,neutral
t2693,neutral
t2694,neutral
t2695,positive
t2696,neutral
t2697,negative
t2698,positive
t2699,negative
t2700,neutral
t2701,neutral
t2702,positive
t2703,positive
t2704,negative
t2705,negative
t2706,negative
t2707,neutral
t2708,positive
t2709,neutral
t2710,neutral
t2711,neutral
t2712,neutral
t2713,positive
t2714,positive
t2715,negative
t2716,positive
t2717,negative
t2718,positive
t2719,negative
t2720,neutral
t2721,negative
t2722,positive
t2723,positive
t2724,positive
t2725,neutral
t2726,neutral
t2727,neutral
t2728,neutral
t2729,neutral
t2730,neutral
t2731,negative
t2732,negative
t2733,neutral
t2734,neutral
t2735,positive
t2736,neutral
t2737,negative
t2738,neutral
t2739,neutral
t2740,neutral
t2741,negative
t2742,neutral
t2743,neutral
t2744,neutral
t2745,neutral
t2746,positive
t2747,neutral
t2748,negative
t2749,neutral
t2750,positive
t2751,neutral
t2752,negative
t2753,negative
t2754,neutral
t2755,positive
t2756,neutral
t2758,positive
t2759,negative
t2760,neutral
t2761,neutral
t2762,positive
t2763,neutral
t2764,neutral
t2765,negative
t2766,neutral
t2767,neutral
t2768,neutral
t2757,neutral
t2769,neutral
t2771,positive
t2770,neutral
t2772,positive
t2773,neutral
t2774,neutral
t2775,neutral
t2776,positive
t2777,positive
t2778,neutral
t2779,neutral
t2780,neutral
t2781,neutral
t2782,neutral
t2783,positive
t2784,positive
t2785,positive
t2786,neutral
t2787,neutral
t2788,negative
t2789,neutral
t2790,neutral
t2791,neutral
t2792,neutral
t2793,neutral
t2794,negative
t2795,positive
t2796,neutral
t2797,neutral
t2798,negative
t2799,positive
t2800,neutral
t2801,positive
t2802,negative
t2803,positive
t2804,neutral
t2805,neutral
t2806,neutral
t2807,positive
t2808,positive
t2809,positive
t2810,positive
t2811,neutral
t2812,positive
t2813,positive
t2814,neutral
t2815,negative
t2816,neutral
t2817,positive
t2818,neutral
t2819,negative
t2820,negative
t2821,positive
t2822,neutral
t2823,neutral
t2824,positive
t2825,neutral
t2826,negative
t2827,positive
t2828,positive
t2829,negative
t2830,neutral
t2831,neutral
t2832,positive
t2833,positive
t2834,neutral
t2835,negative
t2836,negative
t2837,neutral
t2838,neutral
t2839,neutral
t2840,positive
t2841,negative
t2842,positive
t2843,positive
t2844,neutral
t2845,neutral
t2846,negative
t2847,positive
t2848,positive
t2849,neutral
t2850,neutral
t2851,positive
t2852,neutral
t2853,neutral
t2854,neutral
t2855,neutral
t2856,neutral
t2857,positive
t2858,neutral
t2859,negative
t2860,neutral
t2861,neutral
t2862,positive
t2863,neutral
t2864,negative
t2865,neutral
t2866,positive
t2867,neutral
t2868,positive
t2869,neutral
t2870,positive
t2871,neutral
t2872,positive
t2873,positive
t2874,negative
t2875,positive
t2876,positive
t2877,positive
t2878,neutral
t2879,neutral
t2880,neutral
t2881,neutral
t2882,neutral
t2883,neutral
t2885,neutral
t2886,negative
t2887,neutral
t2888,neutral
t2889,neutral
t2890,positive
t2891,positive
t2892,positive
t2893,neutral
t2894,negative
t2895,neutral
t2896,negative
t2897,positive
t2884,negative
t2898,neutral
t2899,neutral
t2900,neutral
t2901,neutral
t2902,neutral
t2903,neutral
t2904,neutral
t2905,neutral
t2906,negative
t2907,neutral
t2908,neutral
t2909,neutral
t2910,positive
t2911,neutral
t2912,neutral
t2913,neutral
t2914,neutral
t2915,positive
t2916,neutral
t2917,negative
t2918,neutral
t2919,positive
t2920,positive
t2921,negative
t2922,positive
t2923,neutral
t2924,negative
t2925,positive
t2926,neutral
t2927,neutral
t2928,positive
t2929,negative
t2930,positive
t2931,neutral
t2932,neutral
t2933,neutral
t2934,neutral
t2935,neutral
t2936,neutral
t2937,neutral
t2938,neutral
t2939,neutral
t2940,positive
t2941,positive
t2942,positive
t2943,positive
t2944,neutral
t2945,positive
t2946,neutral
t2947,neutral
t2948,neutral
t2949,neutral
t2950,neutral
t2951,neutral
t2952,negative
t2953,neutral
t2954,positive
t2955,neutral
t2956,neutral
t2957,positive
t2958,neutral
t2959,neutral
t2960,neutral
t2961,neutral
t2962,neutral
t2963,positive
t2964,neutral
t2965,neutral
t2966,neutral
t2967,negative
t2968,neutral
t2969,neutral
t2970,negative
t2971,neutral
t2972,neutral
t2973,neutral
t2974,neutral
t2975,neutral
t2976,positive
t2977,neutral
t2978,positive
t2979,positive
t2980,neutral
t2981,neutral
t2982,neutral
t2983,positive
t2984,neutral
t2985,neutral
t2986,neutral
t2987,neutral
t2988,positive
t2989,neutral
t2990,positive
t2991,positive
t2992,neutral
t2993,neutral
t2994,neutral
t2995,neutral
t2996,neutral
t2997,neutral
t2998,negative
t2999,neutral
t3000,positive
t3001,positive
t3002,negative
t3003,neutral
t3004,positive
t3005,negative
t3006,neutral
t3007,neutral
t3008,positive
t3009,neutral
t3010,negative
t3011,neutral
t3012,neutral
t3013,positive
t3014,negative
t3015,negative
t3016,positive
t3017,neutral
t3018,negative
t3019,positive
t3020,neutral
t3021,positive
t3022,neutral
t3023,positive
t3024,positive
t3025,neutral
t3026,neutral
t3027,negative
t3028,neutral
t3029,neutral
t3030,positive
t3031,negative
t3032,negative
t3033,positive
t3034,neutral
t3035,neutral
t3036,negative
t3037,negative
t3038,neutral
t3039,negative
t3040,negative
t3041,negative
t3042,positive
t3043,positive
t3044,neutral
t3045,neutral
t3046,positive
t3047,positive
t3048,positive
t3049,neutral
t3050,positive
t3051,neutral
t3052,positive
t3053,neutral
t3054,neutral
t3055,neutral
t3056,negative
t3057,negative
t3058,neutral
t3059,neutral
t3060,neutral
t3061,neutral
t3062,neutral
t3063,positive
t3064,negative
t3065,negative
t3066,negative
t3067,positive
t3068,neutral
t3069,positive
t3070,neutral
t3071,negative
t3072,positive
t3073,neutral
t3074,positive
t3075,positive
t3076,neutral
t3077,neutral
t3078,positive
t3079,neutral
t3080,neutral
t3081,negative
t3082,positive
t3083,neutral
t3084,positive
t3085,positive
t3086,neutral
t3087,neutral
t3088,neutral
t3089,negative
t3090,positive
t3091,neutral
t3092,neutral
t3093,neutral
t3094,neutral
t3095,positive
t3096,neutral
t3097,positive
t3098,negative
t3099,neutral
t3100,positive
t3101,neutral
t3102,neutral
t3103,negative
t3104,positive
t3105,neutral
t3106,positive
t3107,neutral
t3108,neutral
t3109,neutral
t3110,positive
t3111,positive
t3112,neutral
t3113,neutral
t3114,neutral
t3115,positive
t3116,neutral
t3117,positive
t3118,negative
t3119,neutral
t3120,positive
t3121,positive
t3122,negative
t3123,positive
t3124,neutral
t3125,negative
t3126,neutral
t3127,neutral
t3128,neutral
t3129,positive
t3130,neutral
t3131,neutral
t3132,positive
t3133,neutral
t3134,positive
t3135,neutral
t3136,negative
t3137,negative
t3138,positive
t3139,positive
t3140,neutral
t3141,neutral
t3142,positive
t3143,neutral
t3144,positive
t3145,neutral
t3146,positive
t3147,negative
t3148,positive
t3149,negative
t3150,neutral
t3151,positive
t3152,positive
t3153,positive
t3154,positive
t3155,positive
t3156,positive
t3157,positive
t3158,positive
t3159,neutral
t3161,positive
t3162,neutral
t3160,neutral
t3163,neutral
t3165,neutral
t3164,positive
t3166,neutral
t3167,neutral
t3168,neutral
t3169,neutral
t3170,negative
t3171,neutral
t3172,positive
t3173,positive
t3174,neutral
t3175,neutral
t3176,positive
t3177,neutral
t3178,negative
t3179,negative
t3180,positive
t3181,neutral
t3182,negative
t3183,negative
t3184,positive
t3185,neutral
t3186,neutral
t3188,neutral
t3189,positive
t3187,neutral
t3190,positive
t3191,negative
t3192,positive
t3193,negative
t3194,neutral
t3195,neutral
t3196,neutral
t3197,negative
t3198,positive
t3199,neutral
t3200,neutral
t3201,negative
t3202,neutral
t3203,neutral
t3204,neutral
t3205,positive
t3206,neutral
t3207,positive
t3208,neutral
t3209,neutral
t3210,neutral
t3211,positive
t3212,neutral
t3213,neutral
t3214,neutral
t3215,neutral
t3216,neutral
t3217,neutral
t3218,positive
t3219,neutral
t3220,neutral
t3221,neutral
t3222,neutral
t3223,neutral
t3224,positive
t3225,positive
t3226,positive
t3227,neutral
t3229,neutral
t3228,positive
t3230,neutral
t3231,neutral
t3232,positive
t3233,neutral
t3234,neutral
t3235,negative
t3236,negative
t3237,positive
t3238,neutral
t3239,positive
t3240,positive
t3241,positive
t3242,positive
t3243,neutral
t3244,neutral
t3245,positive
t3246,neutral
t3247,neutral
t3248,neutral
t3249,neutral
t3250,neutral
t3251,positive
t3252,neutral
t3253,neutral
t3254,neutral
t3255,positive
t3256,positive
t3257,positive
t3258,neutral
t3259,positive
t3260,positive
t3261,neutral
t3262,negative
t3263,neutral
t3264,positive
t3265,neutral
t3266,positive
t3267,positive
t3268,neutral
t3269,neutral
t3270,negative
t3271,positive
t3272,neutral
t3273,negative
t3274,neutral
t3275,neutral
t3276,neutral
t3277,negative
t3278,negative
t3279,positive
t3280,neutral
t3281,positive
t3282,neutral
t3283,neutral
t3284,neutral
t3285,neutral
t3286,positive
t3287,positive
t3288,negative
t3289,positive
t3290,negative
t3291,positive
t3292,neutral
t3293,positive
t3294,neutral
t3295,neutral
t3296,positive
t3297,positive
t3298,negative
t3299,neutral
t3300,negative
t3301,negative
t3302,negative
t3303,negative
t3304,neutral
t3305,neutral
t3306,neutral
t3307,neutral
t3308,neutral
t3309,negative
t3310,positive
t3311,neutral
t3312,neutral
t3313,positive
t3314,positive
t3315,positive
t3316,positive
t3317,positive
t3318,positive
t3320,negative
t3319,neutral
t3321,positive
t3322,neutral
t3323,neutral
t3324,neutral
t3325,neutral
t3326,positive
t3327,positive
t3328,neutral
t3329,positive
t3330,positive
t3331,neutral
t3332,neutral
t3333,neutral
t3334,neutral
t3335,neutral
t3336,neutral
t3337,neutral
t3338,positive
t3339,neutral
t3340,positive
t3341,neutral
t3342,negative
t3343,positive
t3344,negative
t3345,neutral
t3346,positive
t3347,positive
t3348,neutral
t3349,positive
t3350,neutral
t3351,neutral
t3352,neutral
t3353,neutral
t3354,negative
t3355,neutral
t3356,neutral
t3357,neutral
t3358,positive
t3359,neutral
t3360,positive
t3361,positive
t3362,positive
t3363,negative
t3364,positive
t3365,negative
t3366,positive
t3367,neutral
t3368,neutral
t3369,positive
t3370,positive
t3371,positive
t3372,positive
t3373,neutral
t3374,neutral
t3375,positive
t3376,neutral
t3377,neutral
t3378,negative
t3379,positive
t3380,positive
t3381,positive
t3382,neutral
t3383,neutral
t3384,positive
t3385,positive
t3386,positive
t3387,neutral
t3389,neutral
t3388,negative
t3390,positive
t3391,positive
t3392,positive
t3393,neutral
t3394,neutral
t3395,neutral
t3396,neutral
t3397,neutral
t3398,neutral
t3399,neutral
t3400,neutral
t3401,positive
t3402,neutral
t3403,negative
t3404,neutral
t3405,positive
t3406,positive
t3407,negative
t3408,neutral
t3409,negative
t3410,neutral
t3411,positive
t3412,negative
t3413,neutral
t3414,positive
t3415,neutral
t3416,negative
t3417,neutral
t3418,neutral
t3419,positive
t3420,neutral
t3421,positive
t3422,neutral
t3423,negative
t3424,neutral
t3425,neutral
t3426,neutral
t3427,positive
t3428,positive
t3429,positive
t3430,positive
t3431,positive
t3432,positive
t3433,negative
t3434,positive
t3435,positive
t3436,positive
t3437,positive
t3438,positive
t3439,positive
t3440,positive
t3441,positive
t3442,positive
t3443,positive
t3444,neutral
t3445,positive
t3446,positive
t3447,positive
t3448,positive
t3449,positive
t3450,positive
t3451,positive
t3452,neutral
t3453,negative
t3454,positive
t3455,positive
t3456,positive
t3457,positive
t3458,positive
t3459,positive
t3460,neutral
t3461,neutral
t3462,negative
t3463,neutral
t3464,positive
t3465,negative
t3466,positive
t3467,positive
t3468,positive
t3469,neutral
t3470,positive
t3471,neutral
t3472,positive
t3473,positive
t3474,positive
t3475,neutral
t3476,neutral
t3477,positive
t3478,negative
t3479,neutral
t3480,neutral
t3481,positive
t3482,positive
t3483,neutral
t3484,positive
t3485,positive
t3486,positive
t3487,positive
t3488,positive
t3489,positive
t3490,positive
t3491,positive
t3492,positive
t3493,neutral
t3494,positive
t3495,positive
t3496,neutral
t3497,positive
t3498,positive
t3499,positive
t3500,positive
t3501,positive
t3502,positive
t3503,positive
t3504,neutral
t3505,neutral
t3506,neutral
t3507,neutral
t3508,neutral
t3509,positive
t3510,positive
t3511,neutral
t3512,neutral
t3513,neutral
t3514,neutral
t3515,positive
t3516,negative
t3517,positive
t3518,positive
t3519,neutral
t3520,positive
t3521,neutral
t3522,positive
t3523,neutral
t3524,neutral
t3525,positive
t3526,positive
t3527,positive
t3528,positive
t3529,neutral
t3530,negative
t3531,negative
t3532,neutral
t3533,neutral
t3534,neutral
t3535,neutral
t3536,negative
t3537,negative
t3538,neutral
t3539,neutral
t3540,positive
t3542,neutral
t3541,negative
t3543,positive
t3544,neutral
t3545,neutral
t3546,positive
t3547,neutral
t3548,neutral
t3549,positive
t3550,positive
t3551,positive
t3552,neutral
t3553,negative
t3554,neutral
t3555,negative
t3556,neutral
t3557,negative
t3558,positive
t3559,positive
t3560,positive
t3561,neutral
t3562,neutral
t3563,neutral
t3564,neutral
t3565,negative
t3566,neutral
t3567,negative
t3568,positive
t3569,neutral
t3570,positive
t3571,neutral
t3572,positive
t3573,negative
t3574,positive
t3575,negative
t3576,positive
t3577,neutral
t3578,neutral
t3579,negative
t3580,positive
t3581,negative
t3582,positive
t3583,positive
t3584,positive
t3585,positive
t3586,neutral
t3587,positive
t3588,neutral
t3589,positive
t3590,positive
t3591,positive
t3592,positive
t3593,positive
t3594,neutral
t3595,negative
t3596,neutral
t3597,neutral
t3598,positive
t3599,neutral
t3600,neutral
t3601,neutral
t3602,positive
t3603,neutral
t3604,neutral
t3605,positive
t3606,positive
t3607,neutral
t3608,negative
t3609,negative
t3610,positive
t3611,neutral
t3612,negative
t3613,positive
t3614,negative
t3615,positive
t3616,neutral
t3617,positive
t3618,neutral
t3619,positive
t3620,neutral
t3621,neutral
t3622,positive
t3623,positive
t3624,positive
t3625,positive
t3626,positive
t3627,positive
t3628,neutral
t3629,negative
t3630,neutral
t3631,positive
t3632,positive
t3633,positive
t3634,positive
t3635,negative
t3636,positive
t3637,positive
t3638,neutral
t3639,neutral
t3640,positive
t3641,neutral
t3642,neutral
t3643,positive
t3644,neutral
t3645,negative
t3646,positive
t3647,positive
t3648,negative
t3649,negative
t3650,negative
t3651,negative
t3652,positive
t3653,positive
t3654,positive
t3655,positive
t3656,positive
t3657,negative
t3658,negative
t3659,negative
t3660,neutral
t3661,neutral
t3662,neutral
t3663,positive
t3664,negative
t3665,neutral
t3666,neutral
t3667,neutral
t3668,neutral
t3669,positive
t3670,negative
t3671,negative
t3672,negative
t3673,positive
t3674,neutral
t3675,positive
t3676,neutral
t3677,neutral
t3678,neutral
t3679,neutral
t3680,negative
t3681,negative
t3682,positive
t3683,positive
t3684,neutral
t3685,negative
t3686,positive
t3687,neutral
t3688,positive
t3689,positive
t3690,negative
t3691,positive
t3692,positive
t3693,neutral
t3694,positive
t3695,neutral
t3696,neutral
t3698,neutral
t3699,neutral
t3700,neutral
t3701,negative
t3702,negative
t3703,positive
t3704,neutral
t3705,positive
t3706,neutral
t3707,positive
t3708,negative
t3709,neutral
t3710,positive
t3711,positive
t3712,neutral
t3713,neutral
t3714,neutral
t3715,negative
t3716,neutral
t3717,negative
t3718,negative
t3719,neutral
t3720,negative
t3721,negative
t3722,negative
t3697,neutral
t3723,neutral
t3724,neutral
t3725,positive
t3726,neutral
t3727,neutral
t3728,neutral
t3729,positive
t3730,positive
t3731,neutral
t3732,neutral
t3733,neutral
t3734,neutral
t3735,neutral
t3736,positive
t3737,negative
t3738,positive
t3739,neutral
t3740,neutral
t3741,positive
t3742,positive
t3744,neutral
t3745,neutral
t3743,neutral
t3746,negative
t3747,negative
t3748,neutral
t3749,neutral
t3750,negative
t3751,neutral
t3752,positive
t3753,neutral
t3754,neutral
t3755,negative
t3756,positive
t3757,neutral
t3758,neutral
t3759,positive
t3760,neutral
t3762,neutral
t3761,negative
t3763,neutral
t3764,neutral
t3765,neutral
t3766,neutral
t3767,neutral
t3768,negative
t3770,neutral
t3771,neutral
t3772,negative
t3773,neutral
t3774,positive
t3775,neutral
t3776,neutral
t3777,neutral
t3778,neutral
t3779,positive
t3780,neutral
t3769,neutral
t3781,neutral
t3782,neutral
t3783,neutral
t3784,negative
t3785,neutral
t3786,neutral
t3787,positive
t3788,neutral
t3789,neutral
t3790,neutral
t3791,neutral
t3792,neutral
t3793,neutral
t3794,neutral
t3795,positive
t3796,positive
t3797,neutral
t3798,positive
t3799,neutral
t3800,negative
t3801,positive
t3802,positive
t3803,positive
t3804,positive
t3805,negative
t3806,negative
t3807,positive
t3808,positive
t3809,negative
t3810,negative
t3811,positive
t3812,neutral
t3813,neutral
t3814,negative
t3815,positive
t3816,positive
t3817,negative
t3818,positive
t3819,neutral
t3820,neutral
t3821,neutral
t3822,positive
t3823,neutral
t3824,negative
t3825,neutral
t3826,positive
t3827,neutral
t3828,neutral
t3829,neutral
t3830,positive
t3831,neutral
t3832,positive
t3833,neutral
t3834,positive
t3835,negative
t3836,negative
t3837,negative
t3838,positive
t3839,positive
t3840,negative
t3841,neutral
t3842,positive
t3843,negative
t3844,positive
t3845,negative
t3846,negative
t3847,neutral
t3848,negative
t3849,neutral
t3850,negative
t3851,neutral
t3852,positive
t3853,neutral
t3854,positive
t3855,neutral
t3856,neutral
t3857,negative
t3858,negative
t3859,neutral
t3860,neutral
t3861,neutral
t3862,positive
t3863,positive
t3864,positive
t3865,neutral
t3866,positive
t3867,positive
t3868,positive
t3869,negative
t3870,positive
t3871,neutral
t3872,negative
t3873,negative
t3874,negative
t3875,neutral
t3876,positive
t3877,positive
t3878,neutral
t3879,neutral
t3880,neutral
t3881,positive
t3882,negative
t3883,negative
t3884,negative
t3885,neutral
t3886,neutral
t3887,negative
t3888,negative
t3889,neutral
t3890,negative
t3891,positive
t3892,neutral
t3893,neutral
t3894,positive
t3895,neutral
t3896,negative
t3897,positive
t3898,negative
t3899,negative
t3900,neutral
t3901,positive
t3902,positive
t3903,neutral
t3904,negative
t3905,negative
t3906,negative
t3907,positive
t3908,positive
t3909,neutral
t3910,negative
t3911,positive
t3912,negative
t3913,neutral
t3914,negative
t3915,negative
t3916,positive
t3917,neutral
t3918,negative
t3919,negative
t3920,positive
t3921,neutral
t3922,neutral
t3923,neutral
t3924,neutral
t3925,neutral
t3926,positive
t3927,positive
t3928,neutral
t3929,neutral
t3930,neutral
t3931,negative
t3932,neutral
t3933,positive
t3934,positive
t3935,neutral
t3936,neutral
t3937,negative
t3938,positive
t3939,neutral
t3940,neutral
t3941,negative
t3942,negative
t3943,neutral
t3944,positive
t3945,neutral
t3946,neutral
t3947,positive
t3948,neutral
t3949,neutral
t3950,neutral
t3951,negative
t3952,positive
t3953,neutral
t3954,negative
t3955,positive
t3956,negative
t3957,neutral
t3958,positive
t3959,negative
t3960,positive
t3961,positive
t3962,neutral
t3963,positive
t3964,neutral
t3965,positive
t3966,neutral
t3967,neutral
t3968,negative
t3969,positive
t3970,neutral
t3971,positive
t3972,positive
t3973,neutral
t3974,negative
t3975,neutral
t3976,neutral
t3977,neutral
t3978,neutral
t3979,negative
t3980,neutral
t3981,positive
t3982,neutral
t3983,negative
t3984,neutral
t3985,positive
t3986,positive
t3987,positive
t3988,negative
t3989,neutral
t3990,positive
t3991,neutral
t3992,negative
t3993,neutral
t3994,positive
t3995,neutral
t3996,positive
t3997,negative
t3998,neutral
t3999,neutral
t4001,positive
t4002,neutral
t4003,negative
t4004,positive
t4005,negative
t4000,negative
t4006,positive
t4007,neutral
t4008,negative
t4009,neutral
t4010,neutral
t4011,neutral
t4012,neutral
t4013,neutral
t4014,negative
t4015,neutral
t4016,neutral
t4017,positive
t4018,positive
t4019,negative
t4020,negative
t4021,neutral
t4022,neutral
t4023,positive
t4024,neutral
t4025,negative
t4026,negative
t4027,neutral
t4028,neutral
t4029,positive
t4030,negative
t4031,positive
t4032,positive
t4033,positive
t4034,positive
t4035,neutral
t4036,neutral
t4037,positive
t4038,neutral
t4039,positive
t4040,negative
t4041,positive
t4042,neutral
t4043,neutral
t4044,positive
t4045,neutral
t4046,positive
t4047,neutral
t4048,neutral
t4049,neutral
t4050,neutral
t4051,neutral
t4052,positive
t4053,neutral
t4054,positive
t4055,positive
t4056,positive
t4057,positive
t4058,positive
t4059,positive
t4060,positive
t4061,positive
t4062,neutral
t4063,neutral
t4064,neutral
t4065,neutral
t4066,neutral
t4067,positive
t4068,neutral
t4069,neutral
t4070,neutral
t4071,positive
t4072,neutral
t4073,neutral
t4074,negative
t4075,neutral
t4076,neutral
t4077,neutral
t4078,neutral
t4079,negative
t4080,neutral
t4081,neutral
t4082,neutral
t4083,positive
t4084,neutral
t4086,negative
t4087,neutral
t4088,neutral
t4089,positive
t4090,neutral
t4085,neutral
t4091,positive
t4092,neutral
t4093,neutral
t4094,neutral
t4095,positive
t4096,positive
t4097,neutral
t4098,neutral
t4099,positive
t4100,neutral
t4101,neutral
t4102,positive
t4103,neutral
t4104,negative
t4105,neutral
t4106,positive
t4107,neutral
t4108,positive
t4109,positive
t4110,positive
t4111,negative
t4112,negative
t4113,positive
t4114,neutral
t4115,negative
t4116,negative
t4117,neutral
t4118,positive
t4119,positive
t4120,neutral
t4121,neutral
t4122,negative
t4123,neutral
t4124,negative
t4125,neutral
t4126,negative
t4127,neutral
t4129,negative
t4128,negative
t4130,negative
t4131,neutral
t4132,neutral
t4133,neutral
t4134,positive
t4135,positive
t4136,neutral
t4137,negative
t4138,neutral
t4139,positive
t4140,positive
t4141,neutral
t4142,negative
t4143,positive
t4144,negative
t4145,neutral
t4146,negative
t4147,neutral
t4148,neutral
t4149,positive
t4150,neutral
t4151,neutral
t4152,positive
t4153,neutral
t4154,neutral
t4155,positive
t4156,neutral
t4157,positive
t4158,neutral
t4159,positive
t4160,positive
t4161,neutral
t4162,positive
t4163,positive
t4164,positive
t4165,negative
t4166,neutral
t4167,neutral
t4168,neutral
t4169,neutral
t4170,positive
t4171,positive
t4172,neutral
t4173,neutral
t4174,positive
t4175,neutral
t4176,positive
t4177,neutral
t4178,neutral
t4179,positive
t4180,positive
t4181,neutral
t4182,positive
t4183,neutral
t4184,positive
t4185,neutral
t4186,positive
t4187,neutral
t4188,positive
t4189,neutral
t4190,neutral
t4191,negative
t4192,neutral
t4193,neutral
t4194,positive
t4195,neutral
t4196,neutral
t4197,positive
t4198,neutral
t4199,negative
t4200,negative
t4201,positive
t4202,positive
t4203,neutral
t4204,neutral
t4205,positive
t4206,negative
t4207,neutral
t4208,neutral
t4209,negative
t4210,negative
t4211,neutral
t4212,negative
t4213,positive
t4214,neutral
t4215,neutral
t4216,positive
t4217,neutral
t4218,positive
t4219,neutral
t4220,neutral
t4221,neutral
t4222,neutral
t4223,neutral
t4224,positive
t4225,neutral
t4226,neutral
t4227,neutral
t4228,neutral
t4229,negative
t4230,positive
t4231,positive
t4232,neutral
t4233,positive
t4234,positive
t4235,neutral
t4236,negative
t4237,neutral
t4238,neutral
t4239,neutral
t4240,neutral
t4241,positive
t4242,negative
t4243,negative
t4244,negative
t4245,neutral
t4246,neutral
t4247,neutral
t4248,neutral
t4249,negative
t4250,neutral
t4251,positive
t4252,neutral
t4253,positive
t4254,neutral
t4255,positive
t4256,neutral
t4257,neutral
t4258,neutral
t4259,positive
t4260,positive
t4261,neutral
t4262,neutral
t4263,neutral
t4264,neutral
t4265,positive
t4266,positive
t4267,neutral
t4268,neutral
t4269,positive
t4270,positive
t4271,neutral
t4272,neutral
t4273,positive
t4274,neutral
t4275,neutral
t4276,positive
t4277,positive
t4278,neutral
t4279,neutral
t4280,positive
t4281,neutral
t4282,positive
t4283,negative
t4284,neutral
t4285,neutral
t4286,positive
t4287,negative
t4288,neutral
t4289,neutral
t4290,negative
t4291,positive
t4292,positive
t4293,positive
t4294,positive
t4295,neutral
t4296,negative
t4297,neutral
t4298,neutral
t4299,positive
t4300,positive
t4301,negative
t4302,positive
t4303,positive
t4304,neutral
t4305,neutral
t4306,negative
t4307,neutral
t4308,positive
t4309,neutral
t4310,negative
t4311,positive
t4312,positive
t4313,positive
t4314,neutral
t4315,neutral
t4316,neutral
t4317,positive
t4318,positive
t4319,positive
t4320,positive
t4321,negative
t4322,positive
t4323,positive
t4324,neutral
t4325,neutral
t4326,neutral
t4327,positive
t4328,positive
t4329,positive
t4330,neutral
t4331,negative
t4332,neutral
t4333,positive
t4334,positive
t4335,positive
t4336,negative
t4337,neutral
t4338,positive
t4339,positive
t4340,positive
t4341,positive
t4342,positive
t4343,positive
t4344,neutral
t4345,positive
t4346,positive
t4347,positive
t4348,neutral
t4349,positive
t4350,neutral
t4351,positive
t4352,neutral
t4353,neutral
t4354,neutral
t4355,positive
t4356,positive
t4357,negative
t4358,neutral
t4359,neutral
t4360,positive
t4361,positive
t4362,positive
t4363,positive
t4364,positive
t4365,positive
t4366,positive
t4367,positive
t4368,neutral
t4369,neutral
t4370,positive
t4371,negative
t4372,neutral
t4373,positive
t4374,negative
t4375,positive
t4376,neutral
t4377,positive
t4378,positive
t4379,neutral
t4380,neutral
t4381,positive
t4382,neutral
t4383,neutral
t4384,positive
t4385,negative
t4386,positive
t4387,positive
t4388,negative
t4389,neutral
t4390,positive
t4391,positive
t4392,positive
t4393,neutral
t4394,negative
t4395,negative
t4396,neutral
t4397,negative
t4398,positive
t4399,positive
t4400,positive
t4401,neutral
t4402,positive
t4403,neutral
t4404,positive
t4405,positive
t4406,positive
t4407,negative
t4408,neutral
t4409,positive
t4410,neutral
t4411,neutral
t4412,negative
t4413,neutral
t4414,neutral
t4415,neutral
t4416,positive
t4417,negative
t4418,positive
t4419,negative
t4420,negative
t4421,positive
t4422,neutral
t4423,neutral
t4424,positive
t4425,negative
t4426,positive
t4427,neutral
t4428,positive
t4429,neutral
t4430,positive
t4431,neutral
t4432,negative
t4433,negative
t4434,neutral
t4435,positive
t4436,neutral
t4437,positive
t4438,neutral
t4439,positive
t4440,positive
t4441,positive
t4442,positive
t4443,negative
t4444,neutral
t4445,positive
t4446,neutral
t4447,positive
t4448,positive
t4449,positive
t4450,neutral
t4451,negative
t4452,positive
t4453,negative
t4454,negative
t4455,neutral
t4456,positive
t4457,neutral
t4458,positive
t4459,negative
t4460,neutral
t4461,neutral
t4462,positive
t4463,neutral
t4464,neutral
t4465,neutral
t4466,negative
t4467,positive
t4468,neutral
t4469,positive
t4470,neutral
t4471,positive
t4472,neutral
t4473,positive
t4474,positive
t4475,positive
t4476,positive
t4477,neutral
t4478,neutral
t4479,neutral
t4480,negative
t4481,negative
t4482,neutral
t4483,neutral
t4484,positive
t4485,neutral
t4486,neutral
t4487,neutral
t4488,neutral
t4489,positive
t4490,neutral
t4491,positive
t4492,positive
t4493,neutral
t4494,neutral
t4495,neutral
t4496,neutral
t4497,neutral
t4498,positive
t4499,neutral
t4500,positive
t4501,neutral
t4502,positive
t4503,neutral
t4504,neutral
t4505,neutral
t4506,neutral
t4507,neutral
t4508,positive
t4509,neutral
t4510,positive
t4511,neutral
t4512,positive
t4513,positive
t4514,neutral
t4515,neutral
t4516,neutral
t4517,positive
t4518,positive
t4519,neutral
t4520,neutral
t4521,neutral
t4522,neutral
t4523,neutral
t4524,neutral
t4525,neutral
t4526,positive
t4527,positive
t4528,positive
t4529,positive
t4530,neutral
t4531,neutral
t4532,positive
t4533,neutral
t4534,positive
t4535,neutral
t4536,neutral
t4537,neutral
t4538,neutral
t4539,neutral
t4540,neutral
t4541,neutral
t4542,neutral
t4543,neutral
t4544,neutral
t4545,positive
t4546,neutral
t4547,positive
t4548,neutral
t4549,neutral
t4550,positive
t4551,positive
t4552,negative
t4553,neutral
t4554,positive
t4555,positive
t4556,negative
t4557,neutral
t4558,neutral
t4559,neutral
t4560,positive
t4561,positive
t4562,positive
t4563,neutral
t4564,positive
t4565,positive
t4566,negative
t4567,neutral
t4568,negative
t4569,neutral
t4570,neutral
t4571,positive
t4572,negative
t4573,negative
t4574,neutral
t4575,negative
t4576,positive
t4577,positive
t4578,neutral
t4579,negative
t4580,positive
t4581,positive
t4582,positive
t4583,positive
t4584,neutral
t4585,positive
t4586,neutral
t4587,neutral
t4588,neutral
t4589,neutral
t4590,positive
t4591,neutral
t4592,negative
t4593,positive
t4594,positive
t4595,positive
t4596,negative
t4597,neutral
t4598,negative
t4599,neutral
t4600,positive
t4601,positive
t4602,neutral
t4603,neutral
t4604,neutral
t4605,positive
t4606,neutral
t4607,positive
t4608,positive
t4609,positive
t4610,neutral
t4611,neutral
t4612,positive
t4613,neutral
t4614,positive
t4615,neutral
t4616,neutral
t4617,positive
t4618,positive
t4619,neutral
t4620,neutral
t4621,positive
t4622,negative
t4623,neutral
t4624,positive
t4625,neutral
t4626,negative
t4627,positive
t4628,neutral
t4629,neutral
t4630,positive
t4631,negative
t4632,neutral
t4633,neutral
t4634,neutral
t4635,positive
t4636,negative
t4637,neutral
t4638,neutral
t4639,positive
t4640,positive
t4641,positive
t4642,negative
t4643,neutral
t4644,positive
t4645,positive
t4646,negative
t4647,neutral
t4648,positive
t4649,neutral
t4650,positive
t4651,neutral
t4652,neutral
t4653,positive
t4654,positive
t4655,positive
t4656,neutral
t4657,neutral
t4658,neutral
t4659,positive
t4660,neutral
t4661,negative
t4662,positive
t4663,neutral
t4664,neutral
t4665,positive
t4666,neutral
t4667,neutral
t4668,negative
t4669,neutral
t4670,neutral
t4671,positive
t4672,neutral
t4673,negative
t4674,neutral
t4675,negative
t4676,positive
t4677,neutral
t4678,positive
t4679,neutral
t4680,neutral
t4681,positive
t4682,positive
t4683,neutral
t4684,neutral
t4685,neutral
t4686,positive
t4687,positive
t4688,positive
t4689,neutral
t4690,neutral
t4691,neutral
t4692,neutral
t4693,negative
t4694,positive
t4695,positive
t4696,positive
t4697,negative
t4698,positive
t4699,negative
t4700,positive
t4701,neutral
t4702,neutral
t4703,positive
t4704,neutral
t4705,neutral
t4706,positive
t4707,positive
t4708,negative
t4709,neutral
t4710,neutral
t4711,positive
t4712,positive
t4713,neutral
t4714,positive
t4715,neutral
t4716,positive
t4717,neutral
t4718,neutral
t4719,neutral
t4720,positive
t4721,positive
t4722,neutral
t4723,positive
t4724,positive
t4725,neutral
t4726,positive
t4727,neutral
t4728,neutral
t4729,negative
t4730,positive
t4731,positive
t4732,neutral
t4733,neutral
t4734,neutral
t4735,neutral
t4736,positive
t4737,negative
t4738,neutral
t4739,neutral
t4740,neutral
t4741,positive
t4742,neutral
t4743,positive
t4744,neutral
t4745,positive
t4746,positive
t4747,neutral
t4748,neutral
t4749,neutral
t4750,neutral
t4751,neutral
t4752,neutral
t4753,neutral
t4754,positive
t4755,neutral
t4756,neutral
t4757,negative
t4758,neutral
t4759,neutral
t4760,neutral
t4761,negative
t4762,neutral
t4763,neutral
t4764,neutral
t4765,positive
t4766,neutral
t4767,negative
t4768,neutral
t4769,neutral
t4770,neutral
t4771,positive
t4772,neutral
t4773,positive
t4774,neutral
t4775,neutral
t4776,negative
t4777,positive
t4778,positive
t4779,positive
t4780,neutral
t4781,neutral
t4782,positive
t4783,positive
t4784,positive
t4785,neutral
t4786,neutral
t4787,neutral
t4788,positive
t4789,positive
t4790,neutral
t4791,neutral
t4792,positive
t4793,positive
t4794,positive
t4795,neutral
t4796,positive
t4797,neutral
t4798,neutral
t4799,neutral
t4800,negative
t4801,neutral
t4802,neutral
t4803,neutral
t4804,positive
t4805,neutral
t4806,positive
t4807,neutral
t4808,neutral
t4809,positive
t4810,neutral
t4811,neutral
t4812,positive
t4813,negative
t4814,neutral
t4815,positive
t4816,positive
t4817,neutral
t4818,neutral
t4819,neutral
t4820,positive
t4821,positive
t4822,neutral
t4823,neutral
t4824,positive
t4825,neutral
t4826,neutral
t4827,neutral
t4828,negative
t4829,neutral
t4830,positive
t4831,positive
t4832,neutral
t4833,positive
t4834,neutral
t4835,positive
t4836,positive
t4837,positive
t4838,negative
t4839,neutral
t4840,positive
t4841,negative
t4842,neutral
t4843,positive
t4844,positive
t4845,neutral
t4846,positive
t4847,neutral
t4848,positive
t4849,neutral
t4850,negative
t4851,neutral
t4852,negative
t4853,neutral
t4854,positive
t4855,neutral
t4856,positive
t4857,neutral
t4858,positive
t4859,neutral
t4860,neutral
t4861,positive
t4862,positive
t4863,negative
t4864,neutral
t4865,positive
t4866,neutral
t4867,positive
t4868,positive
t4869,negative
t4870,positive
t4871,negative
t4872,neutral
t4873,negative
t4874,positive
t4875,neutral
t4876,positive
t4877,neutral
t4878,positive
t4879,neutral
t4880,negative
t4881,neutral
t4882,neutral
t4883,neutral
t4884,neutral
t4885,neutral
t4886,neutral
t4887,positive
t4888,positive
t4889,positive
t4890,neutral
t4891,neutral
t4892,positive
t4893,positive
t4894,neutral
t4895,positive
t4896,neutral
t4897,positive
t4898,neutral
t4899,neutral
t4900,neutral
t4901,neutral
t4902,positive
t4903,positive
t4904,neutral
t4905,positive
t4906,positive
t4907,neutral
t4908,neutral
t4909,neutral
t4910,neutral
t4911,positive
t4912,neutral
t4913,neutral
t4914,positive
t4915,positive
t4916,positive
t4917,neutral
t4918,neutral
t4919,neutral
t4920,positive
t4921,positive
t4922,neutral
t4923,positive
t4924,negative
t4925,neutral
t4926,neutral
t4927,positive
t4928,neutral
t4929,neutral
t4930,neutral
t4931,neutral
t4932,neutral
t4933,neutral
t4934,positive
t4935,neutral
t4936,neutral
t4937,negative
t4938,neutral
t4939,positive
t4940,positive
t4941,neutral
t4942,positive
t4943,neutral
t4944,positive
t4945,neutral
t4946,neutral
t4947,neutral
t4948,positive
t4949,neutral
t4950,neutral
t4951,positive
t4952,positive
t4953,positive
t4954,positive
t4955,neutral
t4956,positive
t4957,negative
t4958,neutral
t4959,negative
t4960,negative
t4961,positive
t4962,neutral
t4963,neutral
t4964,positive
t4965,negative
t4966,neutral
t4967,negative
t4968,neutral
t4969,positive
t4970,neutral
t4971,positive
t4972,neutral
t4973,neutral
t4974,neutral
t4975,neutral
t4976,neutral
t4977,neutral
t4978,neutral
t4979,negative
t4980,negative
t4981,neutral
t4982,negative
t4983,positive
t4984,neutral
t4985,neutral
t4986,neutral
t4987,positive
t4988,negative
t4989,positive
t4990,neutral
t4991,positive
t4992,neutral
t4993,neutral
t4994,positive
t4995,positive
t4996,positive
t4997,neutral
t4998,neutral
t4999,neutral
